ID;"картинка 1";"картинка 2";"картинка 3";"картинка 4";"картинка 5";"картинка 6"
53281087;;;;;;
53281346;53281346-1.jpg;;53281346-3.jpg;;53281346-5.jpg;53281346-6.jpg
53281906;53281906-1.jpg;53281906-2.jpg;53281906-3.jpg;;53281906-5.jpg;53281906-6.jpg
53283386;53283386-1.jpg;53283386-2.jpg;53283386-3.jpg;;53283386-5.jpg;53283386-6.jpg
53283400;53283400-1.jpg;;53283400-3.jpg;;;53283400-6.jpg
53283419;53283419-1.jpg;53283419-2.jpg;53283419-3.jpg;;53283419-5.jpg;53283419-6.jpg
53284023;53284023-1.jpg;;53284023-3.jpg;;;53284023-6.jpg
53284025;53284025-1.jpg;;53284025-3.jpg;;;53284025-6.jpg
53284036;53284036-1.jpg;;53284036-3.jpg;;;53284036-6.jpg
53289415;53289415-1.jpg;53289415-2.jpg;53289415-3.jpg;53289415-4.jpg;53289415-5.jpg;53289415-6.jpg
53289419;53289419-1.jpg;53289419-2.jpg;53289419-3.jpg;53289419-4.jpg;53289419-5.jpg;53289419-6.jpg
53289788;53289788-1.jpg;53289788-2.jpg;53289788-3.jpg;53289788-4.jpg;53289788-5.jpg;53289788-6.jpg
53289946;53289946-1.jpg;53289946-2.jpg;53289946-3.jpg;53289946-4.jpg;53289946-5.jpg;53289946-6.jpg
53295238;53295238-1.jpg;;53295238-3.jpg;;53295238-5.jpg;53295238-6.jpg
53297153;53297153-1.jpg;;53297153-3.jpg;;;53297153-6.jpg
53297446;53297446-1.jpg;;53297446-3.jpg;;;
53300890;53300890-1.jpg;53300890-2.jpg;53300890-3.jpg;;53300890-5.jpg;53300890-6.jpg
53300915;53300915-1.jpg;53300915-2.jpg;53300915-3.jpg;;53300915-5.jpg;53300915-6.jpg
53300916;53300916-1.jpg;53300916-2.jpg;53300916-3.jpg;;53300916-5.jpg;
53300918;53300918-1.jpg;53300918-2.jpg;53300918-3.jpg;;53300918-5.jpg;
53300937;53300937-1.jpg;53300937-2.jpg;53300937-3.jpg;;53300937-5.jpg;53300937-6.jpg
53300954;53300954-1.jpg;53300954-2.jpg;53300954-3.jpg;;53300954-5.jpg;53300954-6.jpg
53300986;53300986-1.jpg;53300986-2.jpg;53300986-3.jpg;;53300986-5.jpg;53300986-6.jpg
53301657;53301657-1.jpg;53301657-2.jpg;53301657-3.jpg;;;53301657-6.jpg
53301744;53301744-1.jpg;53301744-2.jpg;53301744-3.jpg;;53301744-5.jpg;53301744-6.jpg
53301852;53301852-1.jpg;;53301852-3.jpg;;53301852-5.jpg;53301852-6.jpg
53301853;53301853-1.jpg;;53301853-3.jpg;;53301853-5.jpg;53301853-6.jpg
53301854;53301854-1.jpg;;53301854-3.jpg;;53301854-5.jpg;53301854-6.jpg
53306658;53306658-1.jpg;53306658-2.jpg;53306658-3.jpg;;53306658-5.jpg;53306658-6.jpg
53312089;53312089-1.jpg;53312089-2.jpg;53312089-3.jpg;;;53312089-6.jpg
53312949;53312949-1.jpg;53312949-2.jpg;53312949-3.jpg;53312949-4.jpg;;53312949-6.jpg
53313104;53313104-1.jpg;53313104-2.jpg;53313104-3.jpg;53313104-4.jpg;;53313104-6.jpg
53313113;53313113-1.jpg;53313113-2.jpg;53313113-3.jpg;;;53313113-6.jpg
53313310;53313310-1.jpg;53313310-2.jpg;;;;53313310-6.jpg
53313513;53313513-1.jpg;;53313513-3.jpg;;;53313513-6.jpg
53362684;53362684-1.jpg;53362684-2.jpg;53362684-3.jpg;;;53362684-6.jpg
53362963;53362963-1.jpg;;53362963-3.jpg;;;53362963-6.jpg
53368513;53368513-1.jpg;;53368513-3.jpg;53368513-4.jpg;;53368513-6.jpg
53368705;53368705-1.jpg;;53368705-3.jpg;53368705-4.jpg;;53368705-6.jpg
53368778;53368778-1.jpg;;53368778-3.jpg;;;
53368802;53368802-1.jpg;;53368802-3.jpg;;;
53410832;53410832-1.jpg;53410832-2.jpg;53410832-3.jpg;;;53410832-6.jpg
53410943;53410943-1.jpg;;53410943-3.jpg;;;53410943-6.jpg
53411280;53411280-1.jpg;;53411280-3.jpg;;;53411280-6.jpg
53416027;53416027-1.jpg;53416027-2.jpg;53416027-3.jpg;;53416027-5.jpg;53416027-6.jpg
53416029;53416029-1.jpg;53416029-2.jpg;53416029-3.jpg;;53416029-5.jpg;53416029-6.jpg
53416030;53416030-1.jpg;53416030-2.jpg;53416030-3.jpg;;53416030-5.jpg;53416030-6.jpg
53416045;53416045-1.jpg;53416045-2.jpg;53416045-3.jpg;;53416045-5.jpg;53416045-6.jpg
53416046;53416046-1.jpg;53416046-2.jpg;53416046-3.jpg;53416046-4.jpg;;53416046-6.jpg
53432489;53432489-1.jpg;;53432489-3.jpg;;;53432489-6.jpg
53432528;53432528-1.jpg;;53432528-3.jpg;;;53432528-6.jpg
53432925;53432925-1.jpg;;53432925-3.jpg;;;53432925-6.jpg
53444272;53444272-1.jpg;53444272-2.jpg;53444272-3.jpg;;;53444272-6.jpg
53444276;53444276-1.jpg;53444276-2.jpg;53444276-3.jpg;;;53444276-6.jpg
53451462;53451462-1.jpg;;53451462-3.jpg;;;53451462-6.jpg
53456484;53456484-1.jpg;;53456484-3.jpg;;;53456484-6.jpg
53479144;53479144-1.jpg;;53479144-3.jpg;;;53479144-6.jpg
53490144;53490144-1.jpg;;53490144-3.jpg;;;53490144-6.jpg
53490192;53490192-1.jpg;;53490192-3.jpg;;;53490192-6.jpg
53490222;53490222-1.jpg;;53490222-3.jpg;;;53490222-6.jpg
53490244;53490244-1.jpg;;53490244-3.jpg;;;53490244-6.jpg
53490268;53490268-1.jpg;;53490268-3.jpg;;;53490268-6.jpg
53500689;53500689-1.jpg;;53500689-3.jpg;;;53500689-6.jpg
53522412;53522412-1.jpg;;53522412-3.jpg;;53522412-5.jpg;53522412-6.jpg
53522483;53522483-1.jpg;;53522483-3.jpg;;53522483-5.jpg;53522483-6.jpg
53522486;53522486-1.jpg;;53522486-3.jpg;;53522486-5.jpg;53522486-6.jpg
53522517;53522517-1.jpg;;53522517-3.jpg;;53522517-5.jpg;53522517-6.jpg
53522540;53522540-1.jpg;;53522540-3.jpg;;53522540-5.jpg;53522540-6.jpg
53522541;53522541-1.jpg;;53522541-3.jpg;;53522541-5.jpg;53522541-6.jpg
53526486;53526486-1.jpg;;53526486-3.jpg;;53526486-5.jpg;53526486-6.jpg
53526529;53526529-1.jpg;53526529-2.jpg;53526529-3.jpg;;53526529-5.jpg;53526529-6.jpg
53547919;53547919-1.jpg;;53547919-3.jpg;;;53547919-6.jpg
53547930;53547930-1.jpg;;53547930-3.jpg;;;53547930-6.jpg
53552296;53552296-1.jpg;53552296-2.jpg;53552296-3.jpg;;;53552296-6.jpg
53552307;53552307-1.jpg;53552307-2.jpg;53552307-3.jpg;;;53552307-6.jpg
53556845;53556845-1.jpg;;53556845-3.jpg;;;53556845-6.jpg
53556848;53556848-1.jpg;;53556848-3.jpg;;;53556848-6.jpg
53556904;53556904-1.jpg;;53556904-3.jpg;;;53556904-6.jpg
53557035;53557035-1.jpg;;53557035-3.jpg;;;53557035-6.jpg
53557041;53557041-1.jpg;;53557041-3.jpg;;;53557041-6.jpg
53563921;53563921-1.jpg;;;;;53563921-6.jpg
53564148;53564148-1.jpg;;;;;53564148-6.jpg
53564289;53564289-1.jpg;;53564289-3.jpg;;;53564289-6.jpg
53565022;53565022-1.jpg;;53565022-3.jpg;;;53565022-6.jpg
53573325;53573325-1.jpg;;53573325-3.jpg;;;53573325-6.jpg
53573333;53573333-1.jpg;;53573333-3.jpg;;;53573333-6.jpg
53573336;53573336-1.jpg;53573336-2.jpg;;53573336-4.jpg;;
53573339;53573339-1.jpg;;53573339-3.jpg;;;53573339-6.jpg
53583222;53583222-1.jpg;;53583222-3.jpg;;;53583222-6.jpg
53583249;53583249-1.jpg;;53583249-3.jpg;;;53583249-6.jpg
53586182;53586182-1.jpg;;53586182-3.jpg;;;53586182-6.jpg
53586184;53586184-1.jpg;;53586184-3.jpg;;;53586184-6.jpg
53586271;53586271-1.jpg;;53586271-3.jpg;;;53586271-6.jpg
53586390;53586390-1.jpg;53586390-2.jpg;53586390-3.jpg;;;53586390-6.jpg
53586459;53586459-1.jpg;;53586459-3.jpg;;;53586459-6.jpg
53587351;53587351-1.jpg;;53587351-3.jpg;;;53587351-6.jpg
53587562;53587562-1.jpg;;53587562-3.jpg;;;53587562-6.jpg
53587564;53587564-1.jpg;;53587564-3.jpg;;;53587564-6.jpg
53587583;53587583-1.jpg;;53587583-3.jpg;;;53587583-6.jpg
53587805;53587805-1.jpg;;53587805-3.jpg;;;53587805-6.jpg
53587807;53587807-1.jpg;;53587807-3.jpg;;;53587807-6.jpg
53588943;53588943-1.jpg;;;;;53588943-6.jpg
53588948;53588948-1.jpg;;;;53588948-5.jpg;53588948-6.jpg
53605233;53605233-1.jpg;;53605233-3.jpg;;;53605233-6.jpg
53605241;53605241-1.jpg;;53605241-3.jpg;;;53605241-6.jpg
53613449;53613449-1.jpg;;53613449-3.jpg;;;53613449-6.jpg
53613488;53613488-1.jpg;53613488-2.jpg;53613488-3.jpg;;;53613488-6.jpg
53613917;53613917-1.jpg;;53613917-3.jpg;;;53613917-6.jpg
53645520;53645520-1.jpg;53645520-2.jpg;;;;53645520-6.jpg
53645571;53645571-1.jpg;;53645571-3.jpg;;;53645571-6.jpg
53648418;53648418-1.jpg;53648418-2.jpg;;;;
53648436;53648436-1.jpg;;53648436-3.jpg;;;53648436-6.jpg
53648437;53648437-1.jpg;;53648437-3.jpg;;;53648437-6.jpg
53648444;53648444-1.jpg;;53648444-3.jpg;;;53648444-6.jpg
53648449;53648449-1.jpg;;53648449-3.jpg;;;53648449-6.jpg
53648450;53648450-1.jpg;;53648450-3.jpg;;;53648450-6.jpg
53648498;53648498-1.jpg;;53648498-3.jpg;;;53648498-6.jpg
53648589;53648589-1.jpg;53648589-2.jpg;;;53648589-5.jpg;53648589-6.jpg
53648643;53648643-1.jpg;;;;;53648643-6.jpg
53648644;53648644-1.jpg;;53648644-3.jpg;;;53648644-6.jpg
53648646;53648646-1.jpg;;53648646-3.jpg;;;
53648651;53648651-1.jpg;;53648651-3.jpg;;;
53648719;53648719-1.jpg;;53648719-3.jpg;;;53648719-6.jpg
53650624;53650624-1.jpg;;53650624-3.jpg;;;53650624-6.jpg
53653796;53653796-1.jpg;;53653796-3.jpg;;;53653796-6.jpg
53654665;53654665-1.jpg;;53654665-3.jpg;;;53654665-6.jpg
53654738;53654738-1.jpg;;53654738-3.jpg;;;53654738-6.jpg
53654751;53654751-1.jpg;;53654751-3.jpg;;;53654751-6.jpg
53654753;53654753-1.jpg;;53654753-3.jpg;;;53654753-6.jpg
53654766;53654766-1.jpg;53654766-2.jpg;;;;
53655971;53655971-1.jpg;;53655971-3.jpg;53655971-4.jpg;;
53655975;53655975-1.jpg;;53655975-3.jpg;;;53655975-6.jpg
53655976;53655976-1.jpg;;53655976-3.jpg;;;53655976-6.jpg
53655977;53655977-1.jpg;53655977-2.jpg;53655977-3.jpg;;;53655977-6.jpg
53656053;53656053-1.jpg;;53656053-3.jpg;;;53656053-6.jpg
53656056;53656056-1.jpg;;53656056-3.jpg;;;53656056-6.jpg
53656067;53656067-1.jpg;;53656067-3.jpg;;;53656067-6.jpg
53659625;53659625-1.jpg;;53659625-3.jpg;;;53659625-6.jpg
53660082;53660082-1.jpg;;53660082-3.jpg;;;53660082-6.jpg
53660144;53660144-1.jpg;;53660144-3.jpg;;;53660144-6.jpg
53660148;53660148-1.jpg;;53660148-3.jpg;;;53660148-6.jpg
53660149;53660149-1.jpg;;53660149-3.jpg;;53660149-5.jpg;53660149-6.jpg
53660289;53660289-1.jpg;;53660289-3.jpg;;;53660289-6.jpg
53660305;53660305-1.jpg;;53660305-3.jpg;53660305-4.jpg;;53660305-6.jpg
53660313;53660313-1.jpg;;53660313-3.jpg;;;53660313-6.jpg
53660431;53660431-1.jpg;;53660431-3.jpg;;;53660431-6.jpg
53660438;53660438-1.jpg;;53660438-3.jpg;;;53660438-6.jpg
53663463;53663463-1.jpg;;53663463-3.jpg;;;53663463-6.jpg
53663684;53663684-1.jpg;;53663684-3.jpg;;;53663684-6.jpg
53663685;53663685-1.jpg;;53663685-3.jpg;;;53663685-6.jpg
53663686;53663686-1.jpg;;53663686-3.jpg;;;53663686-6.jpg
53663696;53663696-1.jpg;;53663696-3.jpg;;;53663696-6.jpg
53663700;53663700-1.jpg;;;;;53663700-6.jpg
53663703;53663703-1.jpg;;53663703-3.jpg;;;53663703-6.jpg
53672731;53672731-1.jpg;;53672731-3.jpg;53672731-4.jpg;53672731-5.jpg;
53673072;53673072-1.jpg;53673072-2.jpg;53673072-3.jpg;;;53673072-6.jpg
53673082;53673082-1.jpg;;53673082-3.jpg;;;53673082-6.jpg
53673264;53673264-1.jpg;;53673264-3.jpg;;;53673264-6.jpg
53673272;53673272-1.jpg;;53673272-3.jpg;;;53673272-6.jpg
53673344;53673344-1.jpg;;53673344-3.jpg;;;53673344-6.jpg
53673346;53673346-1.jpg;;53673346-3.jpg;;;53673346-6.jpg
53673347;53673347-1.jpg;;53673347-3.jpg;;;53673347-6.jpg
53673348;53673348-1.jpg;;53673348-3.jpg;;;53673348-6.jpg
53676278;53676278-1.jpg;;53676278-3.jpg;;;53676278-6.jpg
53694290;53694290-1.jpg;;53694290-3.jpg;;;53694290-6.jpg
53694301;53694301-1.jpg;;53694301-3.jpg;;;53694301-6.jpg
53698088;53698088-1.jpg;;53698088-3.jpg;;;53698088-6.jpg
53699015;53699015-1.jpg;;53699015-3.jpg;;;53699015-6.jpg
53718136;53718136-1.jpg;;;;53718136-5.jpg;53718136-6.jpg
53718149;53718149-1.jpg;53718149-2.jpg;;;;
53719255;53719255-1.jpg;53719255-2.jpg;53719255-3.jpg;;;
53740770;53740770-1.jpg;;53740770-3.jpg;;;53740770-6.jpg
53740889;53740889-1.jpg;;53740889-3.jpg;;;53740889-6.jpg
53740921;53740921-1.jpg;;53740921-3.jpg;;;53740921-6.jpg
53740936;53740936-1.jpg;;53740936-3.jpg;;;53740936-6.jpg
53741897;53741897-1.jpg;53741897-2.jpg;53741897-3.jpg;;;
53746417;53746417-1.jpg;;53746417-3.jpg;;;53746417-6.jpg
53746422;53746422-1.jpg;;53746422-3.jpg;;;53746422-6.jpg
53746423;53746423-1.jpg;;53746423-3.jpg;;;53746423-6.jpg
53746433;53746433-1.jpg;;53746433-3.jpg;;;53746433-6.jpg
53746790;53746790-1.jpg;;53746790-3.jpg;;;53746790-6.jpg
53746792;53746792-1.jpg;;53746792-3.jpg;;;53746792-6.jpg
53746852;53746852-1.jpg;;53746852-3.jpg;;;53746852-6.jpg
53746853;53746853-1.jpg;;53746853-3.jpg;;;53746853-6.jpg
53752151;53752151-1.jpg;;53752151-3.jpg;;;53752151-6.jpg
53761235;53761235-1.jpg;;53761235-3.jpg;;;53761235-6.jpg
53767755;53767755-1.jpg;;53767755-3.jpg;;;53767755-6.jpg
53772367;53772367-1.jpg;;;;;
53772377;53772377-1.jpg;;;;;
53772399;53772399-1.jpg;;;;;
53772406;53772406-1.jpg;;;;;
53772456;53772456-1.jpg;53772456-2.jpg;;;53772456-5.jpg;53772456-6.jpg
53774122;;;;;;
53848677;53848677-1.jpg;;53848677-3.jpg;;53848677-5.jpg;53848677-6.jpg
53948782;53948782-1.jpg;;;;;
54168720;54168720-1.jpg;;54168720-3.jpg;;;54168720-6.jpg
54177085;54177085-1.jpg;54177085-2.jpg;;;;54177085-6.jpg
54523959;54523959-1.jpg;;54523959-3.jpg;;;54523959-6.jpg
54527485;54527485-1.jpg;;54527485-3.jpg;;54527485-5.jpg;
54744727;54744727-1.jpg;;54744727-3.jpg;;;54744727-6.jpg
54745804;54745804-1.jpg;;54745804-3.jpg;;;54745804-6.jpg
54849586;54849586-1.jpg;;54849586-3.jpg;;;54849586-6.jpg
54959824;54959824-1.jpg;54959824-2.jpg;54959824-3.jpg;54959824-4.jpg;;54959824-6.jpg
55241493;55241493-1.jpg;55241493-2.jpg;55241493-3.jpg;;;55241493-6.jpg
55394011;55394011-1.jpg;55394011-2.jpg;55394011-3.jpg;;;55394011-6.jpg
55394347;55394347-1.jpg;;55394347-3.jpg;;;55394347-6.jpg
55394355;55394355-1.jpg;;55394355-3.jpg;;;55394355-6.jpg
55394944;55394944-1.jpg;55394944-2.jpg;55394944-3.jpg;;;55394944-6.jpg
55400561;55400561-1.jpg;;55400561-3.jpg;;;55400561-6.jpg
55400562;55400562-1.jpg;;55400562-3.jpg;;;55400562-6.jpg
55400564;55400564-1.jpg;;55400564-3.jpg;;;55400564-6.jpg
55401575;55401575-1.jpg;55401575-2.jpg;55401575-3.jpg;;;55401575-6.jpg
55402481;55402481-1.jpg;55402481-2.jpg;55402481-3.jpg;;;55402481-6.jpg
55402510;55402510-1.jpg;55402510-2.jpg;55402510-3.jpg;;;55402510-6.jpg
55446604;55446604-1.jpg;;;;55446604-5.jpg;55446604-6.jpg
55446738;;;;;;
55467719;55467719-1.jpg;55467719-2.jpg;;;;55467719-6.jpg
55474743;;;;;;
56353923;56353923-1.jpg;;56353923-3.jpg;;;56353923-6.jpg
56505384;56505384-1.jpg;56505384-2.jpg;56505384-3.jpg;;;56505384-6.jpg
56657488;56657488-1.jpg;56657488-2.jpg;56657488-3.jpg;;;56657488-6.jpg
56699790;56699790-1.jpg;;56699790-3.jpg;;;56699790-6.jpg
56703843;56703843-1.jpg;56703843-2.jpg;56703843-3.jpg;;;56703843-6.jpg
57135297;57135297-1.jpg;;57135297-3.jpg;;;57135297-6.jpg
57244562;57244562-1.jpg;57244562-2.jpg;57244562-3.jpg;;;57244562-6.jpg
57259641;57259641-1.jpg;57259641-2.jpg;57259641-3.jpg;;;57259641-6.jpg
57306962;57306962-1.jpg;57306962-2.jpg;57306962-3.jpg;;;
57493719;57493719-1.jpg;57493719-2.jpg;57493719-3.jpg;57493719-4.jpg;;57493719-6.jpg
57493770;57493770-1.jpg;57493770-2.jpg;57493770-3.jpg;57493770-4.jpg;;57493770-6.jpg
57493773;57493773-1.jpg;57493773-2.jpg;57493773-3.jpg;57493773-4.jpg;;57493773-6.jpg
57493780;57493780-1.jpg;57493780-2.jpg;57493780-3.jpg;57493780-4.jpg;;57493780-6.jpg
57883794;57883794-1.jpg;57883794-2.jpg;57883794-3.jpg;;57883794-5.jpg;57883794-6.jpg
57886754;57886754-1.jpg;57886754-2.jpg;57886754-3.jpg;;57886754-5.jpg;57886754-6.jpg
57893489;57893489-1.jpg;;57893489-3.jpg;57893489-4.jpg;;57893489-6.jpg
57894132;57894132-1.jpg;;57894132-3.jpg;;;57894132-6.jpg
57894401;57894401-1.jpg;;57894401-3.jpg;;;57894401-6.jpg
57903298;57903298-1.jpg;;57903298-3.jpg;;;57903298-6.jpg
57913830;57913830-1.jpg;57913830-2.jpg;57913830-3.jpg;;;57913830-6.jpg
57956122;57956122-1.jpg;;57956122-3.jpg;;;57956122-6.jpg
57958687;57958687-1.jpg;;57958687-3.jpg;;57958687-5.jpg;57958687-6.jpg
57962006;57962006-1.jpg;;57962006-3.jpg;;;57962006-6.jpg
57962404;57962404-1.jpg;;57962404-3.jpg;;;57962404-6.jpg
57962715;57962715-1.jpg;;57962715-3.jpg;;;57962715-6.jpg
57963015;57963015-1.jpg;57963015-2.jpg;57963015-3.jpg;;;57963015-6.jpg
57997591;57997591-1.jpg;;57997591-3.jpg;;;57997591-6.jpg
57998814;57998814-1.jpg;;57998814-3.jpg;;;57998814-6.jpg
58050867;58050867-1.jpg;;58050867-3.jpg;;;58050867-6.jpg
58602246;58602246-1.jpg;58602246-2.jpg;58602246-3.jpg;;;58602246-6.jpg
58604286;58604286-1.jpg;58604286-2.jpg;58604286-3.jpg;;;58604286-6.jpg
58604311;58604311-1.jpg;58604311-2.jpg;58604311-3.jpg;;;58604311-6.jpg
58637172;58637172-1.jpg;58637172-2.jpg;58637172-3.jpg;;;58637172-6.jpg
58707869;58707869-1.jpg;;58707869-3.jpg;;;58707869-6.jpg
58740966;58740966-1.jpg;;58740966-3.jpg;;58740966-5.jpg;
58741228;58741228-1.jpg;;58741228-3.jpg;;58741228-5.jpg;
58741562;58741562-1.jpg;;58741562-3.jpg;;58741562-5.jpg;
58838182;58838182-1.jpg;;58838182-3.jpg;;58838182-5.jpg;58838182-6.jpg
58839387;;;;;;
58839590;;;;;;
58839678;;;;;;
58839807;;;;;;
58841060;;;;;;
58872906;58872906-1.jpg;;58872906-3.jpg;;;58872906-6.jpg
58881004;;;;;;
58881044;;;;;;
58881086;;;;;;
59015529;59015529-1.jpg;;;;;
59124428;;;;;;
59124738;;;;;;
59124763;;;;;;
59124774;;;;;;
59124778;;;;;;
59124784;;;;;;
59124785;;;;;;
59124788;;;;;;
59228820;59228820-1.jpg;59228820-2.jpg;59228820-3.jpg;;;59228820-6.jpg
59241353;59241353-1.jpg;;;;;
59241371;59241371-1.jpg;;;;;
59243326;59243326-1.jpg;;;;;
59248975;59248975-1.jpg;;;;;
59250642;59250642-1.jpg;;;;;
59251001;59251001-1.jpg;;;;;
59251952;59251952-1.jpg;;;;;
59257299;59257299-1.jpg;;59257299-3.jpg;;;59257299-6.jpg
59257910;59257910-1.jpg;;;;;
59295456;;;;;;
59378339;59378339-1.jpg;59378339-2.jpg;59378339-3.jpg;;;59378339-6.jpg
59429875;59429875-1.jpg;59429875-2.jpg;59429875-3.jpg;;;59429875-6.jpg
59430135;59430135-1.jpg;59430135-2.jpg;59430135-3.jpg;;;59430135-6.jpg
59442331;59442331-1.jpg;59442331-2.jpg;59442331-3.jpg;;;59442331-6.jpg
59442333;59442333-1.jpg;59442333-2.jpg;59442333-3.jpg;;;59442333-6.jpg
59442439;59442439-1.jpg;59442439-2.jpg;59442439-3.jpg;;;59442439-6.jpg
59442485;59442485-1.jpg;59442485-2.jpg;59442485-3.jpg;;;59442485-6.jpg
59446322;59446322-1.jpg;59446322-2.jpg;59446322-3.jpg;;;59446322-6.jpg
59451415;59451415-1.jpg;59451415-2.jpg;59451415-3.jpg;;;59451415-6.jpg
59452751;59452751-1.jpg;59452751-2.jpg;59452751-3.jpg;;;59452751-6.jpg
59540983;59540983-1.jpg;59540983-2.jpg;59540983-3.jpg;;;59540983-6.jpg
59541025;59541025-1.jpg;59541025-2.jpg;59541025-3.jpg;;;59541025-6.jpg
59549605;59549605-1.jpg;59549605-2.jpg;59549605-3.jpg;;;59549605-6.jpg
59549714;59549714-1.jpg;59549714-2.jpg;59549714-3.jpg;;;59549714-6.jpg
59549741;59549741-1.jpg;59549741-2.jpg;59549741-3.jpg;;;59549741-6.jpg
59549790;59549790-1.jpg;59549790-2.jpg;59549790-3.jpg;;;59549790-6.jpg
59549831;59549831-1.jpg;59549831-2.jpg;59549831-3.jpg;;;59549831-6.jpg
59549959;59549959-1.jpg;59549959-2.jpg;59549959-3.jpg;;;59549959-6.jpg
59550081;59550081-1.jpg;59550081-2.jpg;59550081-3.jpg;;;59550081-6.jpg
59550139;59550139-1.jpg;59550139-2.jpg;59550139-3.jpg;;;59550139-6.jpg
59550181;59550181-1.jpg;59550181-2.jpg;59550181-3.jpg;;;59550181-6.jpg
59550234;59550234-1.jpg;59550234-2.jpg;59550234-3.jpg;;;59550234-6.jpg
59550284;59550284-1.jpg;59550284-2.jpg;59550284-3.jpg;;;59550284-6.jpg
59550327;59550327-1.jpg;59550327-2.jpg;59550327-3.jpg;;;59550327-6.jpg
59552765;59552765-1.jpg;59552765-2.jpg;59552765-3.jpg;;;59552765-6.jpg
59553185;59553185-1.jpg;59553185-2.jpg;59553185-3.jpg;;;59553185-6.jpg
59553212;59553212-1.jpg;59553212-2.jpg;59553212-3.jpg;;;59553212-6.jpg
59553245;59553245-1.jpg;59553245-2.jpg;59553245-3.jpg;;;59553245-6.jpg
59559363;59559363-1.jpg;;59559363-3.jpg;;;59559363-6.jpg
59562863;59562863-1.jpg;;59562863-3.jpg;;;59562863-6.jpg
59562931;59562931-1.jpg;;59562931-3.jpg;;;59562931-6.jpg
59563162;59563162-1.jpg;;59563162-3.jpg;;;59563162-6.jpg
59563199;59563199-1.jpg;;59563199-3.jpg;;;59563199-6.jpg
59563226;59563226-1.jpg;;59563226-3.jpg;;;59563226-6.jpg
59564331;59564331-1.jpg;;59564331-3.jpg;;;59564331-6.jpg
59564372;59564372-1.jpg;;59564372-3.jpg;;;59564372-6.jpg
59564447;59564447-1.jpg;;59564447-3.jpg;;;59564447-6.jpg
59564466;59564466-1.jpg;;59564466-3.jpg;;;59564466-6.jpg
59564476;59564476-1.jpg;;59564476-3.jpg;;;59564476-6.jpg
59564496;59564496-1.jpg;;59564496-3.jpg;;;59564496-6.jpg
59564511;59564511-1.jpg;;59564511-3.jpg;;;59564511-6.jpg
59564535;59564535-1.jpg;;59564535-3.jpg;;;59564535-6.jpg
59564548;59564548-1.jpg;;59564548-3.jpg;;;59564548-6.jpg
59564567;59564567-1.jpg;;59564567-3.jpg;;;59564567-6.jpg
59564573;59564573-1.jpg;;59564573-3.jpg;;;59564573-6.jpg
59564582;59564582-1.jpg;;59564582-3.jpg;;;59564582-6.jpg
59564601;59564601-1.jpg;;59564601-3.jpg;;;59564601-6.jpg
59564621;59564621-1.jpg;;59564621-3.jpg;;;59564621-6.jpg
59564646;59564646-1.jpg;;59564646-3.jpg;;;59564646-6.jpg
59564706;59564706-1.jpg;;59564706-3.jpg;;;
59564750;59564750-1.jpg;;59564750-3.jpg;;;59564750-6.jpg
59564771;59564771-1.jpg;;59564771-3.jpg;;;59564771-6.jpg
59564792;59564792-1.jpg;59564792-2.jpg;59564792-3.jpg;;;
59564802;59564802-1.jpg;59564802-2.jpg;59564802-3.jpg;;;
59564978;59564978-1.jpg;59564978-2.jpg;59564978-3.jpg;;;
59565012;59565012-1.jpg;59565012-2.jpg;59565012-3.jpg;;;
59565029;59565029-1.jpg;;59565029-3.jpg;;;59565029-6.jpg
59565048;59565048-1.jpg;;59565048-3.jpg;;;59565048-6.jpg
59565070;59565070-1.jpg;;59565070-3.jpg;;;59565070-6.jpg
59565081;59565081-1.jpg;;59565081-3.jpg;;;59565081-6.jpg
59565264;59565264-1.jpg;;59565264-3.jpg;;;59565264-6.jpg
59565275;59565275-1.jpg;;59565275-3.jpg;;;59565275-6.jpg
59565288;59565288-1.jpg;;59565288-3.jpg;;;59565288-6.jpg
59565302;59565302-1.jpg;;59565302-3.jpg;;;59565302-6.jpg
59565331;59565331-1.jpg;;59565331-3.jpg;;;59565331-6.jpg
59565343;59565343-1.jpg;;59565343-3.jpg;;;59565343-6.jpg
59565360;59565360-1.jpg;;59565360-3.jpg;;;59565360-6.jpg
59722322;59722322-1.jpg;;59722322-3.jpg;;;59722322-6.jpg
59833405;59833405-1.jpg;;;59833405-4.jpg;;59833405-6.jpg
59854347;59854347-1.jpg;59854347-2.jpg;;;;59854347-6.jpg
59854526;59854526-1.jpg;59854526-2.jpg;;;;59854526-6.jpg
60047875;60047875-1.jpg;60047875-2.jpg;60047875-3.jpg;;60047875-5.jpg;60047875-6.jpg
60070764;;;;;;
60071050;;;;;;
60071064;;;;;;
60071066;;;;;;
60077314;60077314-1.jpg;60077314-2.jpg;60077314-3.jpg;60077314-4.jpg;60077314-5.jpg;
60077345;60077345-1.jpg;60077345-2.jpg;60077345-3.jpg;;60077345-5.jpg;60077345-6.jpg
60077384;60077384-1.jpg;60077384-2.jpg;60077384-3.jpg;;60077384-5.jpg;60077384-6.jpg
60114618;60114618-1.jpg;;60114618-3.jpg;;;60114618-6.jpg
103231273;103231273-1.jpg;103231273-2.jpg;103231273-3.jpg;103231273-4.jpg;;103231273-6.jpg
104442661;104442661-1.jpg;104442661-2.jpg;104442661-3.jpg;104442661-4.jpg;;104442661-6.jpg
104515761;104515761-1.jpg;104515761-2.jpg;104515761-3.jpg;104515761-4.jpg;;104515761-6.jpg
104561875;104561875-1.jpg;104561875-2.jpg;104561875-3.jpg;104561875-4.jpg;;104561875-6.jpg
104899568;104899568-1.jpg;104899568-2.jpg;104899568-3.jpg;104899568-4.jpg;;104899568-6.jpg
104939927;104939927-1.jpg;104939927-2.jpg;104939927-3.jpg;104939927-4.jpg;;104939927-6.jpg
104939960;104939960-1.jpg;104939960-2.jpg;104939960-3.jpg;104939960-4.jpg;;104939960-6.jpg
104944736;104944736-1.jpg;104944736-2.jpg;104944736-3.jpg;104944736-4.jpg;104944736-5.jpg;104944736-6.jpg
104973720;104973720-1.jpg;104973720-2.jpg;104973720-3.jpg;104973720-4.jpg;;104973720-6.jpg
104973798;104973798-1.jpg;104973798-2.jpg;104973798-3.jpg;104973798-4.jpg;;104973798-6.jpg
105027319;105027319-1.jpg;105027319-2.jpg;105027319-3.jpg;105027319-4.jpg;;105027319-6.jpg
105078986;105078986-1.jpg;105078986-2.jpg;105078986-3.jpg;105078986-4.jpg;;105078986-6.jpg
106627122;106627122-1.jpg;106627122-2.jpg;106627122-3.jpg;;;106627122-6.jpg
106661707;106661707-1.jpg;106661707-2.jpg;106661707-3.jpg;106661707-4.jpg;;106661707-6.jpg
115319581;115319581-1.jpg;;115319581-3.jpg;;;115319581-6.jpg
116737042;116737042-1.jpg;116737042-2.jpg;116737042-3.jpg;116737042-4.jpg;116737042-5.jpg;116737042-6.jpg
118236900;118236900-1.jpg;;118236900-3.jpg;;;118236900-6.jpg
118262739;118262739-1.jpg;;;;;
118262756;118262756-1.jpg;;;;;
118323495;118323495-1.jpg;118323495-2.jpg;118323495-3.jpg;118323495-4.jpg;118323495-5.jpg;
118325159;118325159-1.jpg;118325159-2.jpg;118325159-3.jpg;118325159-4.jpg;118325159-5.jpg;
118325234;118325234-1.jpg;118325234-2.jpg;118325234-3.jpg;118325234-4.jpg;118325234-5.jpg;
118360815;118360815-1.jpg;;118360815-3.jpg;;;118360815-6.jpg
118369992;118369992-1.jpg;118369992-2.jpg;118369992-3.jpg;;;118369992-6.jpg
118377010;118377010-1.jpg;118377010-2.jpg;118377010-3.jpg;;;118377010-6.jpg
118414578;118414578-1.jpg;118414578-2.jpg;118414578-3.jpg;118414578-4.jpg;;
118461982;118461982-1.jpg;118461982-2.jpg;;;;
118464291;118464291-1.jpg;;118464291-3.jpg;;;118464291-6.jpg
118674501;118674501-1.jpg;;;;;118674501-6.jpg
118693988;118693988-1.jpg;;;;;
118719183;118719183-1.jpg;118719183-2.jpg;118719183-3.jpg;;;118719183-6.jpg
118719207;118719207-1.jpg;118719207-2.jpg;118719207-3.jpg;;;118719207-6.jpg
118722045;118722045-1.jpg;;118722045-3.jpg;;;118722045-6.jpg
118725529;118725529-1.jpg;;118725529-3.jpg;;;118725529-6.jpg
118733353;118733353-1.jpg;118733353-2.jpg;118733353-3.jpg;;;118733353-6.jpg
118737280;118737280-1.jpg;;118737280-3.jpg;;;118737280-6.jpg
118864074;118864074-1.jpg;;118864074-3.jpg;;;
118929597;118929597-1.jpg;118929597-2.jpg;118929597-3.jpg;;;118929597-6.jpg
118929639;118929639-1.jpg;;118929639-3.jpg;;;118929639-6.jpg
118929647;118929647-1.jpg;;118929647-3.jpg;;;118929647-6.jpg
118929650;118929650-1.jpg;;118929650-3.jpg;;;118929650-6.jpg
118929652;118929652-1.jpg;118929652-2.jpg;118929652-3.jpg;;;
119009942;119009942-1.jpg;;119009942-3.jpg;119009942-4.jpg;119009942-5.jpg;
119042126;119042126-1.jpg;119042126-2.jpg;119042126-3.jpg;;;119042126-6.jpg
119042140;119042140-1.jpg;119042140-2.jpg;119042140-3.jpg;;;119042140-6.jpg
119042141;119042141-1.jpg;119042141-2.jpg;119042141-3.jpg;;;119042141-6.jpg
119043174;119043174-1.jpg;;119043174-3.jpg;;;119043174-6.jpg
119133448;119133448-1.jpg;;;;;119133448-6.jpg
119284761;119284761-1.jpg;;;;;119284761-6.jpg
119664990;;;;;;
119665881;;;;;;
119666534;;;;;;
119670102;;;;;;
119670226;;;;;;
119670353;;;;;;
119670354;;;;;;
119670355;;;;;;
119670472;;;;;;
119670716;;;;;;
119670720;;;;;;
119670721;;;;;;
119670722;;;;;;
119670723;;;;;;
119670724;;;;;;
119670725;;;;;;
120056761;;;;;;
120062027;120062027-1.jpg;120062027-2.jpg;120062027-3.jpg;;;120062027-6.jpg
120062046;120062046-1.jpg;120062046-2.jpg;120062046-3.jpg;;;120062046-6.jpg
120062668;120062668-1.jpg;120062668-2.jpg;120062668-3.jpg;;;120062668-6.jpg
120063040;120063040-1.jpg;120063040-2.jpg;120063040-3.jpg;;;120063040-6.jpg
120063060;120063060-1.jpg;120063060-2.jpg;120063060-3.jpg;;;120063060-6.jpg
120063442;120063442-1.jpg;120063442-2.jpg;120063442-3.jpg;;;120063442-6.jpg
120064051;120064051-1.jpg;120064051-2.jpg;120064051-3.jpg;;;120064051-6.jpg
120064759;120064759-1.jpg;;;;;
120144666;120144666-1.jpg;120144666-2.jpg;120144666-3.jpg;120144666-4.jpg;;120144666-6.jpg
120144671;120144671-1.jpg;120144671-2.jpg;120144671-3.jpg;120144671-4.jpg;;120144671-6.jpg
120144672;120144672-1.jpg;120144672-2.jpg;120144672-3.jpg;120144672-4.jpg;;120144672-6.jpg
120144674;120144674-1.jpg;120144674-2.jpg;120144674-3.jpg;120144674-4.jpg;;120144674-6.jpg
120144791;120144791-1.jpg;120144791-2.jpg;120144791-3.jpg;120144791-4.jpg;;120144791-6.jpg
120144809;120144809-1.jpg;120144809-2.jpg;120144809-3.jpg;120144809-4.jpg;;120144809-6.jpg
120144811;120144811-1.jpg;120144811-2.jpg;120144811-3.jpg;120144811-4.jpg;;120144811-6.jpg
120144856;120144856-1.jpg;120144856-2.jpg;120144856-3.jpg;120144856-4.jpg;120144856-5.jpg;
120144885;120144885-1.jpg;120144885-2.jpg;120144885-3.jpg;120144885-4.jpg;;120144885-6.jpg
120144889;120144889-1.jpg;120144889-2.jpg;120144889-3.jpg;120144889-4.jpg;;120144889-6.jpg
120144893;120144893-1.jpg;120144893-2.jpg;120144893-3.jpg;120144893-4.jpg;;120144893-6.jpg
120144896;120144896-1.jpg;120144896-2.jpg;120144896-3.jpg;120144896-4.jpg;;120144896-6.jpg
120144901;120144901-1.jpg;120144901-2.jpg;120144901-3.jpg;120144901-4.jpg;;120144901-6.jpg
120144914;120144914-1.jpg;120144914-2.jpg;120144914-3.jpg;120144914-4.jpg;;120144914-6.jpg
120144916;120144916-1.jpg;120144916-2.jpg;120144916-3.jpg;120144916-4.jpg;;120144916-6.jpg
120144928;120144928-1.jpg;120144928-2.jpg;120144928-3.jpg;120144928-4.jpg;;120144928-6.jpg
120195242;120195242-1.jpg;120195242-2.jpg;120195242-3.jpg;120195242-4.jpg;120195242-5.jpg;
120200394;120200394-1.jpg;120200394-2.jpg;120200394-3.jpg;120200394-4.jpg;;120200394-6.jpg
120200396;120200396-1.jpg;120200396-2.jpg;120200396-3.jpg;120200396-4.jpg;120200396-5.jpg;
120200422;120200422-1.jpg;120200422-2.jpg;120200422-3.jpg;120200422-4.jpg;;120200422-6.jpg
120200435;120200435-1.jpg;120200435-2.jpg;120200435-3.jpg;120200435-4.jpg;;120200435-6.jpg
120200436;120200436-1.jpg;120200436-2.jpg;120200436-3.jpg;120200436-4.jpg;;120200436-6.jpg
120200830;120200830-1.jpg;120200830-2.jpg;120200830-3.jpg;120200830-4.jpg;;120200830-6.jpg
120200908;120200908-1.jpg;120200908-2.jpg;120200908-3.jpg;120200908-4.jpg;;120200908-6.jpg
120200911;120200911-1.jpg;120200911-2.jpg;120200911-3.jpg;120200911-4.jpg;;120200911-6.jpg
120200913;120200913-1.jpg;120200913-2.jpg;120200913-3.jpg;120200913-4.jpg;;120200913-6.jpg
120200916;120200916-1.jpg;120200916-2.jpg;120200916-3.jpg;120200916-4.jpg;;120200916-6.jpg
120201097;120201097-1.jpg;120201097-2.jpg;120201097-3.jpg;120201097-4.jpg;;120201097-6.jpg
120201119;120201119-1.jpg;120201119-2.jpg;120201119-3.jpg;120201119-4.jpg;;120201119-6.jpg
120201122;120201122-1.jpg;120201122-2.jpg;120201122-3.jpg;120201122-4.jpg;;120201122-6.jpg
120201124;120201124-1.jpg;120201124-2.jpg;120201124-3.jpg;120201124-4.jpg;;120201124-6.jpg
120201128;120201128-1.jpg;120201128-2.jpg;120201128-3.jpg;120201128-4.jpg;;120201128-6.jpg
120201142;120201142-1.jpg;120201142-2.jpg;120201142-3.jpg;120201142-4.jpg;120201142-5.jpg;
120201166;120201166-1.jpg;120201166-2.jpg;120201166-3.jpg;120201166-4.jpg;;120201166-6.jpg
120201219;120201219-1.jpg;120201219-2.jpg;120201219-3.jpg;120201219-4.jpg;120201219-5.jpg;
120201264;120201264-1.jpg;120201264-2.jpg;120201264-3.jpg;120201264-4.jpg;;120201264-6.jpg
120201282;120201282-1.jpg;120201282-2.jpg;120201282-3.jpg;120201282-4.jpg;;120201282-6.jpg
120201298;120201298-1.jpg;120201298-2.jpg;120201298-3.jpg;120201298-4.jpg;;120201298-6.jpg
120201299;120201299-1.jpg;120201299-2.jpg;120201299-3.jpg;120201299-4.jpg;;120201299-6.jpg
120201350;120201350-1.jpg;120201350-2.jpg;120201350-3.jpg;120201350-4.jpg;;120201350-6.jpg
120202420;120202420-1.jpg;120202420-2.jpg;120202420-3.jpg;120202420-4.jpg;120202420-5.jpg;
120215056;120215056-1.jpg;;120215056-3.jpg;;;120215056-6.jpg
120215112;120215112-1.jpg;;120215112-3.jpg;;;120215112-6.jpg
120268270;;;;;;
120592200;120592200-1.jpg;;120592200-3.jpg;;;
120592218;120592218-1.jpg;;120592218-3.jpg;;;
120630962;120630962-1.jpg;120630962-2.jpg;120630962-3.jpg;;;120630962-6.jpg
120631032;120631032-1.jpg;120631032-2.jpg;120631032-3.jpg;120631032-4.jpg;;120631032-6.jpg
120631033;120631033-1.jpg;120631033-2.jpg;120631033-3.jpg;120631033-4.jpg;;120631033-6.jpg
120631036;120631036-1.jpg;120631036-2.jpg;120631036-3.jpg;120631036-4.jpg;;120631036-6.jpg
120631039;120631039-1.jpg;120631039-2.jpg;120631039-3.jpg;120631039-4.jpg;;120631039-6.jpg
120705242;120705242-1.jpg;120705242-2.jpg;120705242-3.jpg;;120705242-5.jpg;120705242-6.jpg
120708493;120708493-1.jpg;;120708493-3.jpg;;;120708493-6.jpg
120789322;120789322-1.jpg;;120789322-3.jpg;;;120789322-6.jpg
120789394;120789394-1.jpg;;120789394-3.jpg;;;120789394-6.jpg
120789396;120789396-1.jpg;;120789396-3.jpg;;;120789396-6.jpg
120789403;120789403-1.jpg;;120789403-3.jpg;;;120789403-6.jpg
121109809;121109809-1.jpg;;121109809-3.jpg;;;121109809-6.jpg
121110546;121110546-1.jpg;;121110546-3.jpg;;;121110546-6.jpg
121359107;121359107-1.jpg;;121359107-3.jpg;;;121359107-6.jpg
121359792;121359792-1.jpg;121359792-2.jpg;121359792-3.jpg;;;121359792-6.jpg
121361762;121361762-1.jpg;;;;;
121458023;121458023-1.jpg;121458023-2.jpg;121458023-3.jpg;;;121458023-6.jpg
121494692;;;;;;
121949453;121949453-1.jpg;;121949453-3.jpg;;;121949453-6.jpg
121960041;121960041-1.jpg;;;;;
122047537;122047537-1.jpg;;;;;122047537-6.jpg
122047542;122047542-1.jpg;;122047542-3.jpg;;;122047542-6.jpg
122336397;122336397-1.jpg;;122336397-3.jpg;;;122336397-6.jpg
122336593;;;;;;
122336941;122336941-1.jpg;122336941-2.jpg;122336941-3.jpg;;;122336941-6.jpg
122341157;;;;;;
122345966;122345966-1.jpg;122345966-2.jpg;122345966-3.jpg;;;122345966-6.jpg
122345976;;;;;;
122345999;;;;;;
122346041;;;;;;
122346062;;;;;;
122346109;;;;;;
122346124;;;;;;
122346138;;;;;;
122346174;;;;;;
122346188;;;;;;
122346196;;;;;;
122346215;;;;;;
122346272;;;;;;
122346296;;;;;;
122346312;;;;;;
122346372;;;;;;
122376227;122376227-1.jpg;122376227-2.jpg;122376227-3.jpg;;;122376227-6.jpg
122377313;;;;;;
122377315;;;;;;
122377370;;;;;;
122390558;122390558-1.jpg;122390558-2.jpg;122390558-3.jpg;;;122390558-6.jpg
122397173;;;;;;
122397174;;;;;;
122397194;;;;;;
122397197;;;;;;
122397210;;;;;;
122397215;;;;;;
122397246;;;;;;
122397250;;;;;;
122397251;;;;;;
122397294;122397294-1.jpg;122397294-2.jpg;122397294-3.jpg;;;122397294-6.jpg
122397298;;;;;;
122397305;;;;;;
122397310;;;;;;
122397313;;;;;;
122397316;;;;;;
122397324;;;;;;
122403223;;;;;;
122403225;;;;;;
122403229;;;;;;
122403266;;;;;;
122403269;;;;;;
122403271;;;;;;
122403277;;;;;;
122403283;122403283-1.jpg;122403283-2.jpg;122403283-3.jpg;;122403283-5.jpg;
122403284;;;;;;
122403288;;;;;;
122403293;;;;;;
122403301;;;;;;
122437003;;;;;;
122437006;;;;;;
122437008;;;;;;
122437013;122437013-1.jpg;122437013-2.jpg;122437013-3.jpg;;;122437013-6.jpg
122437015;;;;;;
122437017;122437017-1.jpg;;122437017-3.jpg;;;122437017-6.jpg
122437040;;;;;;
122545653;122545653-1.jpg;;122545653-3.jpg;;;122545653-6.jpg
122557727;122557727-1.jpg;;122557727-3.jpg;;;122557727-6.jpg
122557729;122557729-1.jpg;;122557729-3.jpg;;;122557729-6.jpg
122557730;122557730-1.jpg;;122557730-3.jpg;;;122557730-6.jpg
122560447;;;;;;
122606968;122606968-1.jpg;;122606968-3.jpg;122606968-4.jpg;;122606968-6.jpg
122611693;122611693-1.jpg;122611693-2.jpg;;;;
122614727;122614727-1.jpg;122614727-2.jpg;;;;
122614734;122614734-1.jpg;;;;;
122642648;122642648-1.jpg;;122642648-3.jpg;;;122642648-6.jpg
122642666;122642666-1.jpg;;122642666-3.jpg;;;122642666-6.jpg
122642668;122642668-1.jpg;;122642668-3.jpg;;;122642668-6.jpg
122642669;122642669-1.jpg;;122642669-3.jpg;;;122642669-6.jpg
122642671;122642671-1.jpg;;122642671-3.jpg;;;122642671-6.jpg
122642673;122642673-1.jpg;;122642673-3.jpg;;;122642673-6.jpg
122642679;122642679-1.jpg;;122642679-3.jpg;;;122642679-6.jpg
122642680;122642680-1.jpg;;122642680-3.jpg;;;122642680-6.jpg
122642686;122642686-1.jpg;;122642686-3.jpg;;;122642686-6.jpg
122642687;122642687-1.jpg;;122642687-3.jpg;;;122642687-6.jpg
122642690;122642690-1.jpg;;122642690-3.jpg;;;122642690-6.jpg
122642691;122642691-1.jpg;;122642691-3.jpg;;;122642691-6.jpg
122825705;;;;;;
122842189;122842189-1.jpg;;122842189-3.jpg;;122842189-5.jpg;122842189-6.jpg
122911833;;;;;;
122932165;;;;;;
122932304;;;;;;
122932322;;;;;;
122932404;;;;;;
122932684;;;;;;
122932694;;;;;;
122932707;;;;;;
122932718;;;;;;
122932720;;;;;;
122932767;;;;;;
122969819;122969819-1.jpg;;122969819-3.jpg;;;122969819-6.jpg
122969969;122969969-1.jpg;;;;;122969969-6.jpg
123089682;;;;;;
123089902;;;;;;
123089923;;;;;;
123089942;;;;;;
123089957;;;;;;
123107996;123107996-1.jpg;;123107996-3.jpg;;;123107996-6.jpg
123108061;123108061-1.jpg;123108061-2.jpg;123108061-3.jpg;;;123108061-6.jpg
123108069;123108069-1.jpg;;123108069-3.jpg;;;123108069-6.jpg
123118602;;;;;;
123146053;123146053-1.jpg;123146053-2.jpg;123146053-3.jpg;;;123146053-6.jpg
123248938;123248938-1.jpg;123248938-2.jpg;;;;123248938-6.jpg
123248997;123248997-1.jpg;;123248997-3.jpg;;;123248997-6.jpg
123249055;123249055-1.jpg;123249055-2.jpg;;;;123249055-6.jpg
123249231;123249231-1.jpg;;123249231-3.jpg;;;123249231-6.jpg
123269030;123269030-1.jpg;;123269030-3.jpg;;;123269030-6.jpg
123269092;123269092-1.jpg;;123269092-3.jpg;;;123269092-6.jpg
123269095;123269095-1.jpg;;123269095-3.jpg;;;123269095-6.jpg
123269096;123269096-1.jpg;123269096-2.jpg;;;;
123279148;123279148-1.jpg;;123279148-3.jpg;;123279148-5.jpg;123279148-6.jpg
123335726;123335726-1.jpg;;;;;123335726-6.jpg
123401367;;;;;;
123562851;;;;;;
123582687;123582687-1.jpg;;123582687-3.jpg;;;123582687-6.jpg
123585719;123585719-1.jpg;123585719-2.jpg;123585719-3.jpg;;;123585719-6.jpg
123604801;123604801-1.jpg;123604801-2.jpg;123604801-3.jpg;;;123604801-6.jpg
123604803;123604803-1.jpg;123604803-2.jpg;123604803-3.jpg;;;123604803-6.jpg
123604806;123604806-1.jpg;123604806-2.jpg;123604806-3.jpg;;;123604806-6.jpg
123604810;123604810-1.jpg;123604810-2.jpg;123604810-3.jpg;;;123604810-6.jpg
123604814;123604814-1.jpg;123604814-2.jpg;123604814-3.jpg;;;123604814-6.jpg
123604816;123604816-1.jpg;123604816-2.jpg;123604816-3.jpg;;;123604816-6.jpg
123646799;123646799-1.jpg;;;;;
123654434;123654434-1.jpg;123654434-2.jpg;123654434-3.jpg;;;123654434-6.jpg
123654538;123654538-1.jpg;123654538-2.jpg;123654538-3.jpg;;;123654538-6.jpg
123654542;123654542-1.jpg;123654542-2.jpg;123654542-3.jpg;;;123654542-6.jpg
123654547;123654547-1.jpg;123654547-2.jpg;123654547-3.jpg;;;123654547-6.jpg
123683292;123683292-1.jpg;123683292-2.jpg;123683292-3.jpg;;;123683292-6.jpg
123736236;123736236-1.jpg;;123736236-3.jpg;;;123736236-6.jpg
123849474;123849474-1.jpg;;123849474-3.jpg;;;123849474-6.jpg
123852108;123852108-1.jpg;123852108-2.jpg;123852108-3.jpg;;123852108-5.jpg;123852108-6.jpg
124016846;124016846-1.jpg;124016846-2.jpg;124016846-3.jpg;;;124016846-6.jpg
124156721;124156721-1.jpg;;124156721-3.jpg;;;124156721-6.jpg
124258611;124258611-1.jpg;;124258611-3.jpg;;;124258611-6.jpg
124259325;124259325-1.jpg;;124259325-3.jpg;;;124259325-6.jpg
124331063;124331063-1.jpg;124331063-2.jpg;124331063-3.jpg;;;124331063-6.jpg
124491732;124491732-1.jpg;124491732-2.jpg;124491732-3.jpg;;;124491732-6.jpg
124492122;124492122-1.jpg;124492122-2.jpg;124492122-3.jpg;124492122-4.jpg;;124492122-6.jpg
124492378;124492378-1.jpg;124492378-2.jpg;124492378-3.jpg;124492378-4.jpg;;124492378-6.jpg
124492381;124492381-1.jpg;124492381-2.jpg;124492381-3.jpg;124492381-4.jpg;;124492381-6.jpg
124492397;124492397-1.jpg;124492397-2.jpg;124492397-3.jpg;124492397-4.jpg;;124492397-6.jpg
124533051;124533051-1.jpg;124533051-2.jpg;124533051-3.jpg;;;124533051-6.jpg
124570772;124570772-1.jpg;124570772-2.jpg;124570772-3.jpg;124570772-4.jpg;;124570772-6.jpg
124775080;124775080-1.jpg;124775080-2.jpg;124775080-3.jpg;124775080-4.jpg;;
124775095;124775095-1.jpg;124775095-2.jpg;124775095-3.jpg;124775095-4.jpg;;
124775096;124775096-1.jpg;124775096-2.jpg;124775096-3.jpg;124775096-4.jpg;;
124894019;124894019-1.jpg;;124894019-3.jpg;;;124894019-6.jpg
124894278;124894278-1.jpg;;124894278-3.jpg;;;
124927861;;;;;;
124928645;;;;;;
125085037;125085037-1.jpg;;125085037-3.jpg;125085037-4.jpg;;125085037-6.jpg
125085103;125085103-1.jpg;125085103-2.jpg;125085103-3.jpg;;;125085103-6.jpg
125085146;125085146-1.jpg;125085146-2.jpg;125085146-3.jpg;;;125085146-6.jpg
125111914;125111914-1.jpg;125111914-2.jpg;125111914-3.jpg;;;125111914-6.jpg
125135352;125135352-1.jpg;;125135352-3.jpg;;;125135352-6.jpg
125146371;125146371-1.jpg;125146371-2.jpg;125146371-3.jpg;;;125146371-6.jpg
125146435;125146435-1.jpg;125146435-2.jpg;125146435-3.jpg;;;125146435-6.jpg
125195352;125195352-1.jpg;;125195352-3.jpg;;;
125195373;125195373-1.jpg;125195373-2.jpg;;;;
125195389;125195389-1.jpg;;125195389-3.jpg;;;
125195436;125195436-1.jpg;;125195436-3.jpg;125195436-4.jpg;;
125399543;125399543-1.jpg;125399543-2.jpg;125399543-3.jpg;;;125399543-6.jpg
125399572;125399572-1.jpg;125399572-2.jpg;125399572-3.jpg;;;125399572-6.jpg
125399579;125399579-1.jpg;125399579-2.jpg;125399579-3.jpg;;;125399579-6.jpg
125452686;125452686-1.jpg;;125452686-3.jpg;125452686-4.jpg;;
125453021;125453021-1.jpg;;125453021-3.jpg;125453021-4.jpg;;125453021-6.jpg
125453034;125453034-1.jpg;;125453034-3.jpg;125453034-4.jpg;;125453034-6.jpg
125453073;125453073-1.jpg;;125453073-3.jpg;125453073-4.jpg;;125453073-6.jpg
125483023;125483023-1.jpg;125483023-2.jpg;125483023-3.jpg;125483023-4.jpg;;125483023-6.jpg
125486703;125486703-1.jpg;125486703-2.jpg;;;;125486703-6.jpg
125601892;125601892-1.jpg;125601892-2.jpg;125601892-3.jpg;;;125601892-6.jpg
125601925;125601925-1.jpg;125601925-2.jpg;125601925-3.jpg;;;125601925-6.jpg
125601930;125601930-1.jpg;125601930-2.jpg;125601930-3.jpg;;;125601930-6.jpg
125602054;125602054-1.jpg;125602054-2.jpg;125602054-3.jpg;125602054-4.jpg;;125602054-6.jpg
125642892;125642892-1.jpg;125642892-2.jpg;125642892-3.jpg;;125642892-5.jpg;125642892-6.jpg
126083348;126083348-1.jpg;;126083348-3.jpg;126083348-4.jpg;;
126088569;126088569-1.jpg;126088569-2.jpg;;;;
126088681;126088681-1.jpg;;126088681-3.jpg;;;126088681-6.jpg
126154289;;;;;;
126181050;126181050-1.jpg;126181050-2.jpg;126181050-3.jpg;;;
126182732;126182732-1.jpg;126182732-2.jpg;126182732-3.jpg;126182732-4.jpg;;
126182822;126182822-1.jpg;;126182822-3.jpg;126182822-4.jpg;;
126192601;126192601-1.jpg;;126192601-3.jpg;;;126192601-6.jpg
126192809;126192809-1.jpg;;126192809-3.jpg;;;126192809-6.jpg
126192826;126192826-1.jpg;;126192826-3.jpg;;;126192826-6.jpg
126560346;126560346-1.jpg;126560346-2.jpg;126560346-3.jpg;;;126560346-6.jpg
126560644;126560644-1.jpg;126560644-2.jpg;126560644-3.jpg;;;126560644-6.jpg
126560653;126560653-1.jpg;126560653-2.jpg;126560653-3.jpg;;;126560653-6.jpg
127083752;127083752-1.jpg;127083752-2.jpg;127083752-3.jpg;127083752-4.jpg;;127083752-6.jpg
127131384;127131384-1.jpg;127131384-2.jpg;127131384-3.jpg;127131384-4.jpg;;127131384-6.jpg
127131388;127131388-1.jpg;127131388-2.jpg;127131388-3.jpg;127131388-4.jpg;;127131388-6.jpg
127132850;127132850-1.jpg;127132850-2.jpg;127132850-3.jpg;127132850-4.jpg;;127132850-6.jpg
127132899;127132899-1.jpg;127132899-2.jpg;127132899-3.jpg;127132899-4.jpg;;127132899-6.jpg
127132904;127132904-1.jpg;127132904-2.jpg;127132904-3.jpg;127132904-4.jpg;;127132904-6.jpg
127132936;127132936-1.jpg;127132936-2.jpg;127132936-3.jpg;127132936-4.jpg;127132936-5.jpg;127132936-6.jpg
127134187;127134187-1.jpg;127134187-2.jpg;127134187-3.jpg;127134187-4.jpg;127134187-5.jpg;
127135640;127135640-1.jpg;127135640-2.jpg;127135640-3.jpg;127135640-4.jpg;127135640-5.jpg;
127135952;127135952-1.jpg;127135952-2.jpg;127135952-3.jpg;127135952-4.jpg;127135952-5.jpg;
127136224;127136224-1.jpg;127136224-2.jpg;127136224-3.jpg;127136224-4.jpg;127136224-5.jpg;
127136881;127136881-1.jpg;127136881-2.jpg;127136881-3.jpg;127136881-4.jpg;127136881-5.jpg;
127136999;127136999-1.jpg;127136999-2.jpg;127136999-3.jpg;127136999-4.jpg;127136999-5.jpg;
127137160;127137160-1.jpg;127137160-2.jpg;127137160-3.jpg;127137160-4.jpg;127137160-5.jpg;
127195693;127195693-1.jpg;127195693-2.jpg;127195693-3.jpg;127195693-4.jpg;127195693-5.jpg;
127195702;127195702-1.jpg;127195702-2.jpg;127195702-3.jpg;127195702-4.jpg;127195702-5.jpg;
127195704;127195704-1.jpg;127195704-2.jpg;127195704-3.jpg;127195704-4.jpg;127195704-5.jpg;
127254296;127254296-1.jpg;127254296-2.jpg;127254296-3.jpg;127254296-4.jpg;127254296-5.jpg;
127254552;127254552-1.jpg;127254552-2.jpg;127254552-3.jpg;127254552-4.jpg;127254552-5.jpg;
127254662;127254662-1.jpg;127254662-2.jpg;127254662-3.jpg;127254662-4.jpg;127254662-5.jpg;
127255175;127255175-1.jpg;127255175-2.jpg;127255175-3.jpg;127255175-4.jpg;127255175-5.jpg;
127255696;127255696-1.jpg;127255696-2.jpg;127255696-3.jpg;127255696-4.jpg;127255696-5.jpg;
127255936;127255936-1.jpg;127255936-2.jpg;127255936-3.jpg;127255936-4.jpg;127255936-5.jpg;
127255992;127255992-1.jpg;127255992-2.jpg;127255992-3.jpg;127255992-4.jpg;127255992-5.jpg;
127255993;127255993-1.jpg;127255993-2.jpg;127255993-3.jpg;127255993-4.jpg;127255993-5.jpg;
127255995;127255995-1.jpg;127255995-2.jpg;127255995-3.jpg;127255995-4.jpg;127255995-5.jpg;
127255998;127255998-1.jpg;127255998-2.jpg;127255998-3.jpg;127255998-4.jpg;127255998-5.jpg;
127256001;127256001-1.jpg;127256001-2.jpg;127256001-3.jpg;127256001-4.jpg;127256001-5.jpg;
127256004;127256004-1.jpg;127256004-2.jpg;127256004-3.jpg;127256004-4.jpg;127256004-5.jpg;
127256012;127256012-1.jpg;127256012-2.jpg;127256012-3.jpg;127256012-4.jpg;127256012-5.jpg;
127256073;127256073-1.jpg;127256073-2.jpg;127256073-3.jpg;127256073-4.jpg;127256073-5.jpg;
127256222;127256222-1.jpg;127256222-2.jpg;127256222-3.jpg;127256222-4.jpg;127256222-5.jpg;
127256606;127256606-1.jpg;127256606-2.jpg;127256606-3.jpg;127256606-4.jpg;127256606-5.jpg;
127256610;127256610-1.jpg;127256610-2.jpg;127256610-3.jpg;127256610-4.jpg;127256610-5.jpg;
127256696;127256696-1.jpg;127256696-2.jpg;127256696-3.jpg;127256696-4.jpg;127256696-5.jpg;
127256707;127256707-1.jpg;127256707-2.jpg;127256707-3.jpg;127256707-4.jpg;127256707-5.jpg;
127256710;127256710-1.jpg;127256710-2.jpg;127256710-3.jpg;127256710-4.jpg;127256710-5.jpg;
127256959;127256959-1.jpg;127256959-2.jpg;127256959-3.jpg;127256959-4.jpg;127256959-5.jpg;
127256961;127256961-1.jpg;127256961-2.jpg;127256961-3.jpg;127256961-4.jpg;127256961-5.jpg;
127256965;127256965-1.jpg;127256965-2.jpg;127256965-3.jpg;127256965-4.jpg;127256965-5.jpg;
127257262;127257262-1.jpg;127257262-2.jpg;127257262-3.jpg;127257262-4.jpg;127257262-5.jpg;
127257505;127257505-1.jpg;127257505-2.jpg;127257505-3.jpg;127257505-4.jpg;127257505-5.jpg;
127257605;127257605-1.jpg;127257605-2.jpg;127257605-3.jpg;127257605-4.jpg;127257605-5.jpg;
127258191;127258191-1.jpg;127258191-2.jpg;127258191-3.jpg;127258191-4.jpg;127258191-5.jpg;
127259135;127259135-1.jpg;127259135-2.jpg;127259135-3.jpg;127259135-4.jpg;127259135-5.jpg;
127259140;127259140-1.jpg;127259140-2.jpg;127259140-3.jpg;127259140-4.jpg;127259140-5.jpg;
127259179;127259179-1.jpg;127259179-2.jpg;127259179-3.jpg;127259179-4.jpg;127259179-5.jpg;
127259189;127259189-1.jpg;127259189-2.jpg;127259189-3.jpg;127259189-4.jpg;127259189-5.jpg;
127259190;127259190-1.jpg;127259190-2.jpg;127259190-3.jpg;127259190-4.jpg;127259190-5.jpg;
127259194;127259194-1.jpg;127259194-2.jpg;127259194-3.jpg;127259194-4.jpg;127259194-5.jpg;127259194-6.jpg
127259202;127259202-1.jpg;127259202-2.jpg;127259202-3.jpg;127259202-4.jpg;127259202-5.jpg;
127259206;127259206-1.jpg;127259206-2.jpg;127259206-3.jpg;127259206-4.jpg;127259206-5.jpg;
127259207;127259207-1.jpg;127259207-2.jpg;127259207-3.jpg;127259207-4.jpg;127259207-5.jpg;
127259209;127259209-1.jpg;127259209-2.jpg;127259209-3.jpg;127259209-4.jpg;127259209-5.jpg;
127259212;127259212-1.jpg;127259212-2.jpg;127259212-3.jpg;127259212-4.jpg;127259212-5.jpg;
127259213;127259213-1.jpg;127259213-2.jpg;127259213-3.jpg;127259213-4.jpg;127259213-5.jpg;
127259216;127259216-1.jpg;127259216-2.jpg;127259216-3.jpg;127259216-4.jpg;127259216-5.jpg;
127259277;127259277-1.jpg;127259277-2.jpg;127259277-3.jpg;127259277-4.jpg;127259277-5.jpg;
127259280;127259280-1.jpg;127259280-2.jpg;127259280-3.jpg;127259280-4.jpg;127259280-5.jpg;
127270695;127270695-1.jpg;;127270695-3.jpg;127270695-4.jpg;;127270695-6.jpg
127328407;;;;;;
127329223;;;;;;
127398793;127398793-1.jpg;;127398793-3.jpg;;;127398793-6.jpg
127403197;127403197-1.jpg;;127403197-3.jpg;;;127403197-6.jpg
128293737;128293737-1.jpg;128293737-2.jpg;128293737-3.jpg;;;128293737-6.jpg
128466154;128466154-1.jpg;128466154-2.jpg;128466154-3.jpg;;;128466154-6.jpg
128466362;128466362-1.jpg;128466362-2.jpg;128466362-3.jpg;;;128466362-6.jpg
128878907;128878907-1.jpg;128878907-2.jpg;128878907-3.jpg;;128878907-5.jpg;128878907-6.jpg
128879725;128879725-1.jpg;128879725-2.jpg;128879725-3.jpg;;128879725-5.jpg;128879725-6.jpg
128879738;128879738-1.jpg;128879738-2.jpg;128879738-3.jpg;;128879738-5.jpg;128879738-6.jpg
128880069;128880069-1.jpg;128880069-2.jpg;128880069-3.jpg;;128880069-5.jpg;128880069-6.jpg
128880278;128880278-1.jpg;128880278-2.jpg;128880278-3.jpg;;128880278-5.jpg;128880278-6.jpg
128881211;128881211-1.jpg;128881211-2.jpg;128881211-3.jpg;;128881211-5.jpg;128881211-6.jpg
128881296;128881296-1.jpg;128881296-2.jpg;128881296-3.jpg;;128881296-5.jpg;128881296-6.jpg
128881595;128881595-1.jpg;128881595-2.jpg;128881595-3.jpg;;128881595-5.jpg;128881595-6.jpg
129036620;129036620-1.jpg;;129036620-3.jpg;129036620-4.jpg;;129036620-6.jpg
129036643;129036643-1.jpg;;129036643-3.jpg;;;129036643-6.jpg
129077330;129077330-1.jpg;129077330-2.jpg;129077330-3.jpg;;129077330-5.jpg;129077330-6.jpg
129099280;129099280-1.jpg;;;;;
129100718;129100718-1.jpg;;;;;
129101250;129101250-1.jpg;;;;;
129104095;129104095-1.jpg;;129104095-3.jpg;;;129104095-6.jpg
129114416;129114416-1.jpg;;;;;
129119350;129119350-1.jpg;;;;;
129119458;129119458-1.jpg;;;;;
129119632;129119632-1.jpg;;;;;
129119977;129119977-1.jpg;;;;;
129124113;129124113-1.jpg;;;;;
129125859;129125859-1.jpg;;;;;
129130657;129130657-1.jpg;;;;;
129130736;129130736-1.jpg;;;;;
129130841;129130841-1.jpg;;;;;
129131249;129131249-1.jpg;;;;;
129230755;129230755-1.jpg;;;;;
129230838;129230838-1.jpg;129230838-2.jpg;129230838-3.jpg;;;129230838-6.jpg
129231024;129231024-1.jpg;;;;;
129231326;129231326-1.jpg;;;;;
129231427;129231427-1.jpg;;;;;
129231793;129231793-1.jpg;;;;;
129242782;129242782-1.jpg;129242782-2.jpg;129242782-3.jpg;129242782-4.jpg;129242782-5.jpg;
129243637;129243637-1.jpg;129243637-2.jpg;129243637-3.jpg;;129243637-5.jpg;129243637-6.jpg
129243758;129243758-1.jpg;129243758-2.jpg;129243758-3.jpg;129243758-4.jpg;129243758-5.jpg;
129244217;129244217-1.jpg;129244217-2.jpg;129244217-3.jpg;;129244217-5.jpg;129244217-6.jpg
129244574;129244574-1.jpg;129244574-2.jpg;129244574-3.jpg;129244574-4.jpg;129244574-5.jpg;
129246213;129246213-1.jpg;129246213-2.jpg;129246213-3.jpg;;;129246213-6.jpg
129246465;129246465-1.jpg;129246465-2.jpg;129246465-3.jpg;129246465-4.jpg;129246465-5.jpg;
129247591;129247591-1.jpg;129247591-2.jpg;129247591-3.jpg;129247591-4.jpg;129247591-5.jpg;
129249722;129249722-1.jpg;129249722-2.jpg;129249722-3.jpg;129249722-4.jpg;129249722-5.jpg;
129266687;129266687-1.jpg;129266687-2.jpg;129266687-3.jpg;129266687-4.jpg;129266687-5.jpg;
129266699;129266699-1.jpg;129266699-2.jpg;129266699-3.jpg;129266699-4.jpg;129266699-5.jpg;
129266730;129266730-1.jpg;129266730-2.jpg;129266730-3.jpg;129266730-4.jpg;129266730-5.jpg;
129266804;129266804-1.jpg;129266804-2.jpg;129266804-3.jpg;129266804-4.jpg;129266804-5.jpg;
129266840;129266840-1.jpg;129266840-2.jpg;129266840-3.jpg;129266840-4.jpg;129266840-5.jpg;
129267357;129267357-1.jpg;129267357-2.jpg;129267357-3.jpg;129267357-4.jpg;129267357-5.jpg;
129268110;129268110-1.jpg;129268110-2.jpg;129268110-3.jpg;;;129268110-6.jpg
129268464;129268464-1.jpg;129268464-2.jpg;129268464-3.jpg;;;129268464-6.jpg
129268611;129268611-1.jpg;129268611-2.jpg;129268611-3.jpg;;;129268611-6.jpg
129268670;129268670-1.jpg;;129268670-3.jpg;;129268670-5.jpg;
129268705;129268705-1.jpg;;129268705-3.jpg;;;129268705-6.jpg
129268743;129268743-1.jpg;;129268743-3.jpg;;;129268743-6.jpg
129268779;129268779-1.jpg;129268779-2.jpg;;;;129268779-6.jpg
129268799;129268799-1.jpg;129268799-2.jpg;129268799-3.jpg;;129268799-5.jpg;129268799-6.jpg
129268882;129268882-1.jpg;129268882-2.jpg;129268882-3.jpg;;129268882-5.jpg;129268882-6.jpg
129287136;129287136-1.jpg;129287136-2.jpg;129287136-3.jpg;;;129287136-6.jpg
129287589;129287589-1.jpg;129287589-2.jpg;;;;129287589-6.jpg
129333957;129333957-1.jpg;;129333957-3.jpg;;;129333957-6.jpg
129338702;129338702-1.jpg;;129338702-3.jpg;;;129338702-6.jpg
129339239;129339239-1.jpg;;129339239-3.jpg;;;129339239-6.jpg
129387403;129387403-1.jpg;;129387403-3.jpg;;;129387403-6.jpg
129387510;129387510-1.jpg;;129387510-3.jpg;;;129387510-6.jpg
129387618;129387618-1.jpg;;129387618-3.jpg;;;129387618-6.jpg
129389631;129389631-1.jpg;;129389631-3.jpg;;;129389631-6.jpg
129389693;129389693-1.jpg;;129389693-3.jpg;;;129389693-6.jpg
129389722;129389722-1.jpg;;129389722-3.jpg;;;129389722-6.jpg
129389748;129389748-1.jpg;;129389748-3.jpg;;;129389748-6.jpg
129389792;129389792-1.jpg;129389792-2.jpg;129389792-3.jpg;;;129389792-6.jpg
129389937;129389937-1.jpg;129389937-2.jpg;129389937-3.jpg;;;129389937-6.jpg
129390201;129390201-1.jpg;;129390201-3.jpg;;;129390201-6.jpg
129390255;129390255-1.jpg;;129390255-3.jpg;;;129390255-6.jpg
129390334;129390334-1.jpg;129390334-2.jpg;129390334-3.jpg;;;129390334-6.jpg
