141855;141856;145;811;zero
141855;117681;14;811;zero
141855;V165313;10;811;zero
141855;150770;8;811;zero
141855;162885;7;811;zero
141855;166239;6;811;zero
141855;154305;6;811;zero
141855;113161;6;811;zero
141855;114421;6;811;zero
141855;116999;5;811;zero
141855;108865;5;811;zero
141855;120937;5;811;zero
141855;148249;5;811;zero
141855;143089;5;811;zero
141855;117589;5;811;zero
141855;100030;5;811;zero
141855;162895;4;811;zero
141855;162897;4;811;zero
141855;113738;4;811;zero
141855;154290;4;811;zero
141855;108910;4;811;zero
141855;165323;4;811;zero
141855;119889;4;811;zero
141855;116666;4;811;zero
141855;158213;4;811;zero
141855;158962;4;811;zero
141855;162890;4;811;zero
141855;132043;4;811;zero
141855;133488;4;811;zero
141855;162892;4;811;zero
141855;111498;4;811;zero
141855;122428;4;811;zero
141855;106391;4;811;zero
141856;141855;145;811;zero
141856;117681;14;811;zero
141856;V165313;10;811;zero
141856;150770;8;811;zero
141856;162885;7;811;zero
141856;166239;6;811;zero
141856;154305;6;811;zero
141856;113161;6;811;zero
141856;114421;6;811;zero
141856;116999;5;811;zero
141856;108865;5;811;zero
141856;120937;5;811;zero
141856;148249;5;811;zero
141856;143089;5;811;zero
141856;117589;5;811;zero
141856;100030;5;811;zero
141856;162895;4;811;zero
141856;162897;4;811;zero
141856;113738;4;811;zero
141856;154290;4;811;zero
141856;108910;4;811;zero
141856;165323;4;811;zero
141856;119889;4;811;zero
141856;116666;4;811;zero
141856;158213;4;811;zero
141856;158962;4;811;zero
141856;162890;4;811;zero
141856;132043;4;811;zero
141856;133488;4;811;zero
141856;162892;4;811;zero
141856;111498;4;811;zero
141856;122428;4;811;zero
141856;106391;4;811;zero
162883;162884;34;289;zero
162883;162885;12;289;zero
162883;162895;9;289;zero
162883;162892;8;289;zero
162883;162897;7;289;zero
162883;162890;6;289;zero
162883;162894;5;289;zero
162883;162886;5;289;zero
162883;162889;5;289;zero
162883;162887;4;289;zero
162883;117589;4;289;zero
162883;162888;4;289;zero
162884;162883;34;653;zero
162884;162885;32;653;zero
162884;162895;16;653;zero
162884;162892;14;653;zero
162884;162897;12;653;zero
162884;162886;11;653;zero
162884;162890;11;653;zero
162884;162888;10;653;zero
162884;162894;10;653;zero
162884;162889;8;653;zero
162884;126775;8;653;zero
162884;162891;7;653;zero
162884;163959;5;653;zero
162884;162887;5;653;zero
162884;119889;4;653;zero
162884;V142101;4;653;zero
162884;108865;4;653;zero
162884;V159536;4;653;zero
162884;162898;4;653;zero
162884;103731;4;653;zero
162884;V160782;4;653;zero
162884;112921;4;653;zero
162885;162884;32;465;zero
162885;162886;19;465;zero
162885;162883;12;465;zero
162885;162897;12;465;zero
162885;162895;11;465;zero
162885;162890;11;465;zero
162885;162892;11;465;zero
162885;162889;10;465;zero
162885;162894;9;465;zero
162885;162888;9;465;zero
162885;162891;8;465;zero
162885;141856;7;465;zero
162885;141855;7;465;zero
162885;163838;6;465;zero
162885;V160782;6;465;zero
162885;115202;5;465;zero
162885;110567;5;465;zero
162885;131283;5;465;zero
162885;V159036;5;465;zero
162885;V163136;5;465;zero
162885;162887;4;465;zero
162885;V142101;4;465;zero
162897;162895;31;358;zero
162897;162894;16;358;zero
162897;162892;14;358;zero
162897;162898;13;358;zero
162897;162891;13;358;zero
162897;162890;13;358;zero
162897;162884;12;358;zero
162897;162885;12;358;zero
162897;162889;11;358;zero
162897;162888;8;358;zero
162897;162883;7;358;zero
162897;141855;4;358;zero
162897;154305;4;358;zero
162897;162886;4;358;zero
162897;162887;4;358;zero
162897;141856;4;358;zero
162895;162897;31;424;zero
162895;162892;26;424;zero
162895;162894;17;424;zero
162895;162884;16;424;zero
162895;162890;15;424;zero
162895;162891;14;424;zero
162895;162889;12;424;zero
162895;162885;11;424;zero
162895;162888;9;424;zero
162895;162883;9;424;zero
162895;162898;7;424;zero
162895;162887;5;424;zero
162895;162886;4;424;zero
162895;141856;4;424;zero
162895;141855;4;424;zero
133488;114421;28;481;one
133488;113738;7;481;zero
133488;115705;7;481;zero
133488;113735;6;481;zero
133488;115731;6;481;zero
133488;141856;4;481;zero
133488;141855;4;481;zero
133488;112062;4;481;zero
133488;112011;4;481;zero
133488;155691;4;481;one
114421;133488;28;753;one
114421;113738;11;753;zero
114421;117681;8;753;zero
114421;115705;7;753;zero
114421;113735;7;753;zero
114421;118287;6;753;zero
114421;141856;6;753;zero
114421;141855;6;753;zero
114421;115731;5;753;zero
114421;136852;4;753;zero
114421;110528;4;753;zero
114421;110529;4;753;zero
114421;129054;4;753;zero
114421;163281;4;753;zero
114421;112011;4;753;zero
114421;150498;4;753;zero
114421;129053;4;753;zero
114421;136219;4;753;one
114421;100030;4;753;zero
114421;159904;4;753;zero
114421;154305;4;753;zero
162892;162895;26;357;zero
162892;162890;22;357;zero
162892;162891;18;357;zero
162892;162894;17;357;zero
162892;162884;14;357;zero
162892;162897;14;357;zero
162892;162889;13;357;zero
162892;162885;11;357;zero
162892;162883;8;357;zero
162892;162888;8;357;zero
162892;162886;8;357;zero
162892;162898;5;357;zero
162892;141855;4;357;zero
162892;141856;4;357;zero
129054;129053;25;426;zero
129054;129055;18;426;zero
129054;129056;8;426;zero
129054;106753;7;426;zero
129054;105448;5;426;zero
129054;117681;5;426;zero
129054;106886;4;426;zero
129054;114421;4;426;zero
129054;105872;4;426;zero
129054;155883;4;426;zero
129054;V160782;4;426;zero
129053;129054;25;616;zero
129053;129055;13;616;zero
129053;129056;12;616;zero
129053;106886;6;616;zero
129053;106753;5;616;zero
129053;105448;5;616;zero
129053;V160782;5;616;zero
129053;105219;5;616;zero
129053;100666;4;616;zero
129053;155883;4;616;zero
129053;121244;4;616;zero
129053;143196;4;616;zero
129053;163333;4;616;zero
129053;105872;4;616;zero
129053;102219;4;616;zero
129053;100632;4;616;zero
129053;117681;4;616;zero
129053;108482;4;616;zero
129053;114421;4;616;zero
129053;102857;4;616;zero
162890;162892;22;311;zero
162890;162895;15;311;zero
162890;162891;14;311;zero
162890;162897;13;311;zero
162890;162894;11;311;zero
162890;162889;11;311;zero
162890;162884;11;311;zero
162890;162885;11;311;zero
162890;162888;6;311;zero
162890;162883;6;311;zero
162890;164895;4;311;zero
162890;141856;4;311;zero
162890;141855;4;311;zero
162890;122428;4;311;zero
113166;113161;21;379;one
113166;112062;5;379;zero
113166;V160782;5;379;zero
113166;115202;4;379;zero
113166;117589;4;379;zero
113161;113166;21;635;one
113161;154305;7;635;zero
113161;117589;7;635;zero
113161;141856;6;635;zero
113161;141855;6;635;zero
113161;158738;5;635;zero
113161;122589;5;635;zero
113161;148697;4;635;zero
113161;112062;4;635;zero
113161;114156;4;635;zero
113161;108865;4;635;zero
113161;113990;4;635;zero
113161;160625;4;635;zero
113161;150770;4;635;zero
113161;148248;4;635;zero
113161;114913;4;635;zero
113161;100783;4;635;zero
113161;115202;4;635;zero
113738;113735;21;882;one
113738;114421;11;882;zero
113738;119889;9;882;zero
113738;117681;8;882;zero
113738;133488;7;882;zero
113738;118287;7;882;zero
113738;112062;7;882;zero
113738;115731;6;882;zero
113738;114913;6;882;zero
113738;116666;5;882;zero
113738;V137210;5;882;zero
113738;154305;4;882;zero
113738;141856;4;882;zero
113738;141855;4;882;zero
113738;163281;4;882;zero
113738;136852;4;882;zero
113738;136219;4;882;zero
113738;111316;4;882;zero
113738;131935;4;882;zero
113738;143089;4;882;zero
113735;113738;21;449;one
113735;115731;9;449;zero
113735;114421;7;449;zero
113735;133488;6;449;zero
113735;117681;5;449;zero
113735;118287;4;449;zero
113735;127954;4;449;zero
113735;113444;4;449;zero
150770;117589;19;586;zero
150770;141856;8;586;zero
150770;141855;8;586;zero
150770;150496;6;586;zero
150770;131551;6;586;zero
150770;112011;5;586;zero
150770;103736;5;586;zero
150770;150495;5;586;zero
150770;120937;5;586;zero
150770;116999;4;586;zero
150770;V160782;4;586;zero
150770;154305;4;586;zero
150770;165745;4;586;zero
150770;116199;4;586;zero
150770;115731;4;586;zero
150770;113161;4;586;zero
150770;154290;4;586;zero
162886;162885;19;177;zero
162886;162884;11;177;zero
162886;162892;8;177;zero
162886;110567;5;177;zero
162886;162883;5;177;zero
162886;162888;5;177;zero
162886;V163136;5;177;zero
162886;163838;5;177;zero
162886;V159036;5;177;zero
162886;115202;5;177;zero
162886;162894;5;177;zero
162886;131283;5;177;zero
162886;162897;4;177;zero
162886;162895;4;177;zero
162886;162889;4;177;zero
V145029;V145028;19;165;zero
117589;150770;19;654;zero
117589;116999;9;654;zero
117589;117681;8;654;zero
117589;113161;7;654;zero
117589;115202;6;654;zero
117589;141855;5;654;zero
117589;108865;5;654;zero
117589;V160782;5;654;zero
117589;120937;5;654;zero
117589;144642;5;654;zero
117589;141856;5;654;zero
117589;162883;4;654;zero
117589;143089;4;654;zero
117589;106391;4;654;zero
117589;165745;4;654;zero
117589;113166;4;654;zero
117589;127174;4;654;zero
150495;150496;19;246;zero
150495;150497;6;246;zero
150495;117681;5;246;zero
150495;150770;5;246;zero
150495;121237;4;246;zero
150496;150495;19;262;zero
150496;150497;8;262;zero
150496;150770;6;262;zero
150496;117681;4;262;zero
V145028;V145029;19;341;zero
V145028;V160216;7;341;zero
V145028;104694;4;341;zero
129055;129054;18;220;zero
129055;129053;13;220;zero
129055;129056;8;220;zero
129055;V160782;5;220;zero
129055;121237;4;220;zero
129055;106886;4;220;zero
162891;162892;18;196;zero
162891;162894;15;196;zero
162891;162895;14;196;zero
162891;162890;14;196;zero
162891;162897;13;196;zero
162891;162889;11;196;zero
162891;162885;8;196;zero
162891;162888;7;196;zero
162891;162884;7;196;zero
162894;162895;17;286;zero
162894;162892;17;286;zero
162894;162897;16;286;zero
162894;162891;15;286;zero
162894;162890;11;286;zero
162894;162889;11;286;zero
162894;162884;10;286;zero
162894;162885;9;286;zero
162894;162888;7;286;zero
162894;162883;5;286;zero
162894;162886;5;286;zero
162894;162887;4;286;zero
162894;163915;4;286;zero
162894;162898;4;286;zero
162894;126775;4;286;zero
117681;106391;16;881;zero
117681;141855;14;881;zero
117681;141856;14;881;zero
117681;117589;8;881;zero
117681;126775;8;881;zero
117681;113738;8;881;zero
117681;114421;8;881;zero
117681;131551;6;881;zero
117681;122428;6;881;zero
117681;V134509;6;881;zero
117681;150495;5;881;zero
117681;115250;5;881;zero
117681;118287;5;881;zero
117681;113735;5;881;zero
117681;112169;5;881;zero
117681;154290;5;881;zero
117681;112011;5;881;zero
117681;129054;5;881;zero
117681;115731;5;881;zero
117681;142734;5;881;zero
117681;129053;4;881;zero
117681;V128005;4;881;zero
117681;112426;4;881;zero
117681;158214;4;881;zero
117681;V125802;4;881;zero
117681;150496;4;881;zero
117681;115253;4;881;zero
117681;112921;4;881;zero
117681;100030;4;881;zero
117681;112062;4;881;zero
117681;154305;4;881;zero
132041;130646;16;340;zero
132041;112169;5;340;zero
132041;111498;4;340;zero
106391;117681;16;381;one
106391;141855;4;381;zero
106391;141856;4;381;zero
106391;117589;4;381;zero
106391;115202;4;381;zero
106391;151903;4;381;zero
148249;158962;16;312;one
148249;133963;5;312;zero
148249;141856;5;312;zero
148249;141855;5;312;zero
148249;166239;4;312;zero
148249;160625;4;312;zero
130646;132041;16;162;zero
130646;132042;4;162;zero
130646;132043;4;162;zero
158962;148249;16;230;one
158962;127098;6;230;zero
158962;148248;4;230;zero
158962;141855;4;230;zero
158962;141856;4;230;zero
101791;101790;14;243;zero
101791;101793;11;243;zero
101791;101794;8;243;zero
101791;101797;7;243;zero
101791;101796;6;243;zero
101791;147872;4;243;zero
101791;159254;4;243;zero
101791;123682;4;243;zero
101791;127128;4;243;zero
101791;150062;4;243;zero
101791;166277;4;243;zero
101790;101791;14;193;zero
101790;101793;11;193;zero
101790;101797;8;193;zero
101790;101794;6;193;zero
101790;101796;5;193;zero
105223;105237;14;168;zero
105223;105235;10;168;zero
105223;105231;9;168;zero
105223;142731;5;168;zero
105223;105229;4;168;zero
105237;105223;14;169;zero
105237;105231;10;169;zero
105237;105235;9;169;zero
105237;142731;5;169;zero
162898;162897;13;128;zero
162898;162895;7;128;zero
162898;162889;6;128;zero
162898;162892;5;128;zero
162898;162884;4;128;zero
162898;162888;4;128;zero
162898;162894;4;128;zero
110528;110529;13;502;one
110528;114421;4;502;zero
162889;162892;13;229;zero
162889;162895;12;229;zero
162889;162897;11;229;zero
162889;162888;11;229;zero
162889;162891;11;229;zero
162889;162894;11;229;zero
162889;162890;11;229;zero
162889;162885;10;229;zero
162889;162884;8;229;zero
162889;162898;6;229;zero
162889;162883;5;229;zero
162889;162887;5;229;zero
162889;162886;4;229;zero
154305;154290;13;702;zero
154305;126775;7;702;zero
154305;113161;7;702;zero
154305;151903;6;702;zero
154305;141856;6;702;zero
154305;141855;6;702;zero
154305;123044;5;702;zero
154305;115202;5;702;zero
154305;129171;5;702;zero
154305;V166490;4;702;zero
154305;123833;4;702;zero
154305;119889;4;702;zero
154305;114421;4;702;zero
154305;118287;4;702;zero
154305;136219;4;702;zero
154305;150770;4;702;zero
154305;129168;4;702;zero
154305;162897;4;702;zero
154305;113738;4;702;zero
154305;117681;4;702;zero
154305;101796;4;702;zero
154305;163281;4;702;zero
154305;101794;4;702;zero
154290;154305;13;241;zero
154290;117681;5;241;zero
154290;112426;4;241;zero
154290;150770;4;241;zero
154290;141856;4;241;zero
154290;141855;4;241;zero
148445;148446;13;102;zero
148445;148444;7;102;zero
148445;148447;4;102;zero
148446;148445;13;86;zero
148446;148447;6;86;zero
148446;148444;6;86;zero
110529;110528;13;300;one
110529;118633;4;300;zero
110529;114421;4;300;zero
129630;127499;12;151;zero
143111;143110;12;269;zero
143110;143111;12;149;zero
127499;129630;12;202;zero
148248;127098;12;260;one
148248;158962;4;260;zero
148248;113161;4;260;zero
148248;116987;4;260;zero
129056;129053;12;208;zero
129056;129054;8;208;zero
129056;129055;8;208;zero
127098;148248;12;161;one
127098;158962;6;161;zero
101796;101797;11;172;zero
101796;101793;8;172;zero
101796;101794;8;172;zero
101796;101791;6;172;zero
101796;101790;5;172;zero
101796;154305;4;172;zero
162888;162889;11;203;zero
162888;162884;10;203;zero
162888;162895;9;203;zero
162888;162885;9;203;zero
162888;162892;8;203;zero
162888;162897;8;203;zero
162888;162894;7;203;zero
162888;162891;7;203;zero
162888;162890;6;203;zero
162888;162887;6;203;zero
162888;162886;5;203;zero
162888;162898;4;203;zero
162888;162883;4;203;zero
101797;101796;11;194;zero
101797;101794;10;194;zero
101797;101790;8;194;zero
101797;101793;8;194;zero
101797;101791;7;194;zero
101793;101791;11;240;zero
101793;101790;11;240;zero
101793;101794;9;240;zero
101793;101797;8;240;zero
101793;101796;8;240;zero
101793;101789;4;240;zero
101793;157779;4;240;zero
166239;112011;10;343;zero
166239;107656;6;343;zero
166239;141856;6;343;zero
166239;141855;6;343;zero
166239;131283;5;343;zero
166239;151903;5;343;zero
166239;148249;4;343;zero
112011;166239;10;592;zero
112011;118287;5;592;zero
112011;150770;5;592;zero
112011;117681;5;592;zero
112011;151903;4;592;zero
112011;115382;4;592;zero
112011;115731;4;592;zero
112011;133488;4;592;zero
112011;114421;4;592;zero
112011;150498;4;592;zero
112011;V160782;4;592;zero
105231;105237;10;144;zero
105231;105223;9;144;zero
105231;105235;8;144;zero
105231;142731;4;144;zero
129171;115202;10;440;zero
129171;157779;5;440;zero
129171;129168;5;440;zero
129171;154305;5;440;zero
105235;105223;10;127;zero
105235;105237;9;127;zero
105235;105231;8;127;zero
105235;142731;5;127;zero
V165313;141856;10;156;zero
V165313;141855;10;156;zero
127510;127509;10;95;zero
115202;129171;10;644;zero
115202;131283;7;644;zero
115202;V159036;7;644;zero
115202;163838;6;644;zero
115202;117589;6;644;zero
115202;154305;5;644;zero
115202;129168;5;644;zero
115202;110567;5;644;zero
115202;162886;5;644;zero
115202;162885;5;644;zero
115202;V163136;5;644;zero
115202;127174;4;644;zero
115202;116999;4;644;zero
115202;121048;4;644;zero
115202;V160782;4;644;zero
115202;160625;4;644;zero
115202;113166;4;644;zero
115202;113161;4;644;zero
115202;157779;4;644;zero
115202;106391;4;644;zero
115202;160551;4;644;zero
127509;127510;10;234;zero
101794;101797;10;168;zero
101794;101793;9;168;zero
101794;101791;8;168;zero
101794;101796;8;168;zero
101794;101790;6;168;zero
101794;154305;4;168;zero
V156172;V156171;9;114;one
127174;137614;9;354;zero
127174;V160782;9;354;zero
127174;V145681;5;354;zero
127174;116999;4;354;zero
127174;115202;4;354;zero
127174;117589;4;354;zero
115731;113735;9;549;zero
115731;133488;6;549;zero
115731;113738;6;549;zero
115731;117681;5;549;zero
115731;V139473;5;549;zero
115731;163281;5;549;zero
115731;114421;5;549;zero
115731;155691;5;549;zero
115731;118287;5;549;zero
115731;112062;5;549;zero
115731;121480;4;549;zero
115731;150770;4;549;zero
115731;113444;4;549;zero
115731;V149219;4;549;zero
115731;V159056;4;549;zero
115731;112011;4;549;zero
115731;V160496;4;549;zero
115731;100030;4;549;zero
115731;V137210;4;549;zero
116999;117589;9;347;zero
116999;141855;5;347;zero
116999;141856;5;347;zero
116999;127174;4;347;zero
116999;115202;4;347;zero
116999;150770;4;347;zero
116999;V160782;4;347;zero
146252;148250;9;135;zero
146252;132043;8;135;zero
146252;158964;4;135;zero
146252;132042;4;135;zero
V146022;V145928;9;208;zero
V146022;V146017;9;208;zero
V146022;V145927;4;208;zero
V146017;V146022;9;94;zero
V146017;V145928;6;94;zero
100781;100783;9;89;zero
100781;100785;4;89;zero
100781;100787;4;89;zero
133632;133633;9;117;zero
133632;163812;5;117;zero
133633;133632;9;74;zero
133633;163812;6;74;zero
119889;113738;9;351;zero
119889;141855;4;351;zero
119889;141856;4;351;zero
119889;162884;4;351;zero
119889;163333;4;351;zero
119889;131935;4;351;zero
119889;154305;4;351;zero
V156171;V156172;9;120;one
113444;127954;9;248;one
113444;115731;4;248;zero
113444;113735;4;248;zero
113444;160572;4;248;one
100783;100781;9;151;zero
100783;100787;6;151;zero
100783;100785;6;151;zero
100783;113161;4;151;zero
127954;113444;9;273;one
127954;113735;4;273;zero
V160782;127174;9;447;zero
V160782;136660;7;447;zero
V160782;104945;6;447;zero
V160782;162885;6;447;zero
V160782;129053;5;447;zero
V160782;117589;5;447;zero
V160782;137614;5;447;zero
V160782;113166;5;447;zero
V160782;129055;5;447;zero
V160782;130377;5;447;zero
V160782;162884;4;447;zero
V160782;116999;4;447;zero
V160782;129054;4;447;zero
V160782;112011;4;447;zero
V160782;106886;4;447;zero
V160782;142734;4;447;zero
V160782;115202;4;447;zero
V160782;150770;4;447;zero
137614;127174;9;111;zero
137614;V160782;5;111;zero
V145928;V146022;9;196;zero
V145928;V146017;6;196;zero
V145928;V145927;5;196;zero
V145928;V161476;4;196;zero
148250;146252;9;239;zero
148250;132043;5;239;zero
130533;130532;8;77;zero
130532;130533;8;92;zero
130532;130552;4;92;zero
121048;123799;8;273;zero
121048;115202;4;273;zero
121048;104816;4;273;zero
121048;136660;4;273;zero
143159;143143;8;87;zero
143159;143184;5;87;zero
132043;146252;8;103;zero
132043;148250;5;103;zero
132043;130646;4;103;zero
132043;141856;4;103;zero
132043;141855;4;103;zero
123799;121048;8;107;one
123799;136660;7;107;zero
143143;143159;8;133;zero
143143;143142;6;133;zero
143143;143184;6;133;zero
126775;117681;8;702;zero
126775;162884;8;702;zero
126775;154305;7;702;zero
126775;146232;6;702;zero
126775;131551;6;702;zero
126775;128590;5;702;zero
126775;129594;5;702;zero
126775;129830;4;702;zero
126775;103731;4;702;zero
126775;108865;4;702;zero
126775;162894;4;702;zero
126775;158214;4;702;zero
126775;160625;4;702;zero
126775;100666;4;702;zero
113473;136219;8;239;one
150497;150496;8;149;zero
150497;150495;6;149;zero
136219;113473;8;292;one
136219;114421;4;292;one
136219;113738;4;292;zero
136219;154305;4;292;zero
131283;115202;7;264;zero
131283;163838;6;264;zero
131283;166239;5;264;zero
131283;V163136;5;264;zero
131283;162885;5;264;zero
131283;162886;5;264;zero
131283;110567;5;264;zero
131283;V159036;5;264;zero
131283;107656;4;264;zero
100030;118287;7;374;zero
100030;112062;6;374;zero
100030;141856;5;374;zero
100030;141855;5;374;zero
100030;111316;4;374;zero
100030;117681;4;374;zero
100030;162135;4;374;zero
100030;115731;4;374;zero
100030;158725;4;374;zero
100030;114421;4;374;zero
163335;163333;7;115;zero
163333;163335;7;339;zero
163333;163332;7;339;zero
163333;119889;4;339;zero
163333;129053;4;339;zero
112062;113738;7;457;zero
112062;118287;7;457;zero
112062;100030;6;457;zero
112062;113166;5;457;zero
112062;115731;5;457;zero
112062;133488;4;457;one
112062;100505;4;457;zero
112062;136837;4;457;zero
112062;113161;4;457;zero
112062;117681;4;457;zero
112062;158725;4;457;zero
112062;136852;4;457;zero
112062;122428;4;457;zero
112062;144642;4;457;zero
146294;160625;7;237;one
143303;151530;7;48;zero
160625;146294;7;342;one
160625;148249;4;342;zero
160625;115202;4;342;zero
160625;126775;4;342;zero
160625;113161;4;342;zero
V133656;121480;7;217;zero
148444;148445;7;50;zero
148444;148446;6;50;zero
122589;113990;7;163;one
122589;113161;5;163;zero
163332;163333;7;154;zero
V159036;115202;7;148;zero
V159036;163838;6;148;zero
V159036;V163136;5;148;zero
V159036;162885;5;148;zero
V159036;162886;5;148;zero
V159036;131283;5;148;zero
V159036;110567;5;148;zero
151530;143303;7;50;zero
V160216;V145028;7;86;zero
115705;114421;7;211;zero
115705;133488;7;211;zero
115705;163281;4;211;zero
106753;129054;7;237;zero
106753;129053;5;237;zero
118287;100030;7;512;zero
118287;113738;7;512;zero
118287;112062;7;512;zero
118287;136837;6;512;zero
118287;114421;6;512;zero
118287;V137210;5;512;zero
118287;115731;5;512;zero
118287;117681;5;512;zero
118287;112011;5;512;zero
118287;113735;4;512;zero
118287;V145420;4;512;zero
118287;154305;4;512;zero
113990;122589;7;158;one
113990;113161;4;158;zero
121480;V133656;7;202;one
121480;162824;4;202;zero
121480;115731;4;202;zero
136660;V160782;7;219;zero
136660;123799;7;219;zero
136660;111060;5;219;one
136660;121048;4;219;zero
143184;143143;6;61;zero
143184;143159;5;61;zero
100612;100666;6;99;zero
V152579;V152580;6;71;zero
101826;101817;6;116;zero
101826;101806;4;116;zero
101826;101823;4;116;zero
V167004;V167003;6;58;zero
143142;143143;6;54;zero
111025;148252;6;102;zero
V167003;V167004;6;154;zero
V167003;V167002;4;154;one
160563;160572;6;200;one
107656;166239;6;208;zero
107656;131283;4;208;zero
146232;126775;6;236;zero
100666;100612;6;114;zero
100666;126775;4;114;zero
100666;129053;4;114;zero
100787;100783;6;81;zero
100787;100785;5;81;zero
100787;100781;4;81;zero
101806;101815;6;91;zero
101806;101816;4;91;zero
101806;101826;4;91;zero
101806;101817;4;91;zero
163838;162885;6;108;zero
163838;V159036;6;108;zero
163838;115202;6;108;zero
163838;131283;6;108;zero
163838;162886;5;108;zero
163838;V163136;5;108;zero
163838;110567;5;108;zero
108482;102857;6;100;zero
108482;100632;4;100;zero
108482;129053;4;100;zero
100785;100783;6;75;zero
100785;100787;5;75;zero
100785;100781;4;75;zero
106886;129053;6;229;zero
106886;121244;4;229;zero
106886;122935;4;229;zero
106886;142734;4;229;zero
106886;100632;4;229;zero
106886;129054;4;229;zero
106886;129055;4;229;zero
106886;V160782;4;229;zero
162887;162888;6;99;zero
162887;162884;5;99;zero
162887;162895;5;99;zero
162887;162889;5;99;zero
162887;162883;4;99;zero
162887;162885;4;99;zero
162887;162897;4;99;zero
162887;162894;4;99;zero
104945;V160782;6;135;zero
136837;118287;6;198;zero
136837;112062;4;198;zero
150155;150173;6;177;zero
150155;150171;5;177;zero
150155;150172;4;177;zero
102857;108482;6;114;zero
102857;100632;5;114;zero
102857;129053;4;114;zero
101817;101826;6;79;zero
101817;101816;5;79;zero
101817;101823;5;79;zero
101817;101806;4;79;zero
101816;101815;6;75;zero
101816;101817;5;75;zero
101816;101806;4;75;zero
122428;117681;6;341;zero
122428;141855;4;341;zero
122428;141856;4;341;zero
122428;162890;4;341;zero
122428;112062;4;341;zero
102103;102134;6;53;zero
102103;165071;5;53;zero
148447;148446;6;52;zero
148447;148445;4;52;zero
102134;102103;6;67;zero
102134;165071;5;67;zero
102134;102107;4;67;zero
101815;101806;6;79;zero
101815;101816;6;79;zero
148252;111025;6;161;zero
151903;154305;6;486;zero
151903;166239;5;486;zero
151903;158150;5;486;zero
151903;112011;4;486;zero
151903;106391;4;486;zero
150173;150155;6;65;zero
150173;150171;4;65;zero
150173;150174;4;65;zero
150173;150179;4;65;zero
150173;150172;4;65;zero
114913;113738;6;221;zero
114913;113161;4;221;zero
131551;150770;6;320;zero
131551;117681;6;320;zero
131551;126775;6;320;zero
163812;133633;6;56;zero
163812;133632;5;56;zero
160572;160563;6;243;one
160572;113444;4;243;one
V152580;V152579;6;171;zero
V134509;117681;6;283;zero
V134509;112169;4;283;zero
103736;150770;5;152;zero
V139473;115731;5;326;zero
V125749;V155696;5;243;one
V143919;V143920;5;52;zero
V143920;V143919;5;52;zero
105448;129054;5;172;zero
105448;129053;5;172;zero
111060;136660;5;71;one
129168;129171;5;86;zero
129168;115202;5;86;zero
129168;154305;4;86;zero
105275;105272;5;64;zero
105272;105275;5;66;zero
V137210;113738;5;225;zero
V137210;118287;5;225;zero
V137210;115731;4;225;zero
V145681;127174;5;129;zero
150171;150155;5;49;zero
150171;150173;4;49;zero
103266;103260;5;90;zero
103266;103267;5;90;zero
103266;103263;4;90;zero
103266;131309;4;90;zero
123044;154305;5;131;zero
105219;129053;5;138;zero
110567;131283;5;224;zero
110567;162886;5;224;zero
110567;163838;5;224;zero
110567;V163136;5;224;zero
110567;115202;5;224;zero
110567;V159036;5;224;zero
110567;162885;5;224;zero
110567;100505;4;224;zero
130377;V160782;5;178;zero
130377;105872;4;178;zero
130377;100632;4;178;zero
103267;103266;5;48;zero
103267;103263;4;48;zero
112169;117681;5;430;zero
112169;132041;5;430;zero
112169;150498;4;430;zero
112169;144642;4;430;zero
112169;V134509;4;430;zero
115250;117681;5;78;zero
159254;159333;5;164;one
159254;147872;4;164;zero
159254;124016;4;164;one
159254;123682;4;164;zero
159254;166277;4;164;zero
159254;101791;4;164;zero
159254;150062;4;164;zero
159254;127128;4;164;zero
157779;129171;5;159;zero
157779;115202;4;159;zero
157779;101793;4;159;zero
116666;113738;5;275;zero
116666;141856;4;275;zero
116666;V159056;4;275;zero
116666;141855;4;275;zero
142806;142807;5;53;zero
142806;142805;5;53;zero
142806;142808;4;53;zero
159333;159254;5;191;one
142805;142806;5;38;zero
142805;142807;4;38;zero
142807;142806;5;37;zero
142807;142805;4;37;zero
142807;142808;4;37;zero
142807;142809;4;37;zero
V145927;V145928;5;79;zero
V145927;V146022;4;79;zero
V163136;163838;5;110;zero
V163136;115202;5;110;zero
V163136;162885;5;110;zero
V163136;162886;5;110;zero
V163136;131283;5;110;zero
V163136;110567;5;110;zero
V163136;V159036;5;110;zero
133963;148249;5;35;zero
V155696;V125749;5;54;one
128590;126775;5;66;zero
103260;103266;5;78;zero
142734;117681;5;222;zero
142734;100632;4;222;zero
142734;V160782;4;222;zero
142734;106886;4;222;zero
142734;165790;4;222;zero
100632;102857;5;197;zero
100632;106886;4;197;zero
100632;130377;4;197;zero
100632;129053;4;197;zero
100632;142734;4;197;zero
100632;108482;4;197;zero
129594;126775;5;177;zero
163959;162884;5;68;zero
132813;132804;5;111;zero
155691;115731;5;179;zero
155691;133488;4;179;one
132804;132813;5;96;zero
158150;151903;5;47;zero
142731;105235;5;155;zero
142731;105237;5;155;zero
142731;105223;5;155;zero
142731;105231;4;155;zero
144642;117589;5;443;zero
144642;112062;4;443;zero
144642;112169;4;443;zero
143089;141856;5;275;zero
143089;141855;5;275;zero
143089;113738;4;275;zero
143089;117589;4;275;zero
163281;115731;5;280;zero
163281;113738;4;280;zero
163281;154305;4;280;zero
163281;114421;4;280;zero
163281;115705;4;280;zero
101823;101817;5;60;zero
101823;101826;4;60;zero
120937;141856;5;305;zero
120937;150770;5;305;zero
120937;117589;5;305;zero
120937;141855;5;305;zero
108865;117589;5;277;zero
108865;141856;5;277;zero
108865;141855;5;277;zero
108865;162884;4;277;zero
108865;103731;4;277;zero
108865;112921;4;277;zero
108865;113161;4;277;zero
108865;126775;4;277;zero
165071;102103;5;37;zero
165071;102134;5;37;zero
158738;113161;5;168;zero
123833;154305;4;121;zero
121235;121237;4;76;zero
121235;121244;4;76;zero
V142101;162884;4;66;zero
V142101;162885;4;66;zero
105274;105279;4;66;zero
101789;101793;4;37;zero
152408;V145055;4;213;one
165625;165624;4;103;zero
V166968;V166969;4;71;one
V159056;115731;4;316;zero
V159056;116666;4;316;zero
155008;127030;4;97;zero
V159536;162884;4;184;zero
129830;126775;4;153;zero
102219;129053;4;167;zero
131935;113738;4;128;zero
131935;119889;4;128;zero
118633;110529;4;243;zero
115382;112011;4;234;zero
116482;116490;4;37;zero
108910;141856;4;71;zero
108910;141855;4;71;zero
V161875;V161876;4;70;zero
122935;106886;4;196;zero
V145055;152408;4;190;one
147872;101791;4;57;zero
147872;127128;4;57;zero
147872;159254;4;57;zero
147872;166277;4;57;zero
147872;123682;4;57;zero
147872;150062;4;57;zero
V166969;V166968;4;100;one
150179;150173;4;85;zero
103731;112921;4;95;zero
103731;108865;4;95;zero
103731;126775;4;95;zero
103731;162884;4;95;zero
V128005;117681;4;69;zero
166232;166230;4;68;zero
155883;129053;4;130;zero
155883;129054;4;130;zero
127030;155008;4;64;zero
127128;147872;4;108;zero
127128;123682;4;108;zero
127128;159254;4;108;zero
127128;150062;4;108;zero
127128;101791;4;108;zero
127128;166277;4;108;zero
166230;166232;4;40;zero
103263;103267;4;68;zero
103263;103266;4;68;zero
130552;130532;4;66;zero
158214;117681;4;146;zero
158214;126775;4;146;zero
167273;110052;4;283;zero
105279;105274;4;39;zero
136852;112062;4;274;zero
136852;114421;4;274;zero
136852;113738;4;274;zero
131309;103266;4;57;zero
160551;115202;4;100;zero
V160530;V145050;4;189;zero
158440;V145420;4;219;zero
116199;150770;4;93;zero
V149219;115731;4;366;zero
V161876;V161875;4;119;zero
121237;121235;4;113;zero
121237;129055;4;113;zero
121237;150495;4;113;zero
121237;121244;4;113;zero
149385;149387;4;55;zero
116490;116482;4;67;zero
123682;166277;4;36;zero
123682;101791;4;36;zero
123682;147872;4;36;zero
123682;150062;4;36;zero
123682;127128;4;36;zero
123682;159254;4;36;zero
V166490;154305;4;239;zero
150174;150173;4;47;zero
163915;162894;4;74;zero
106830;102111;4;38;zero
106830;106827;4;38;zero
100505;112062;4;219;zero
100505;110567;4;219;zero
165624;165625;4;40;zero
111498;132041;4;279;zero
111498;141856;4;279;zero
111498;141855;4;279;zero
V145050;V160530;4;268;zero
110797;110795;4;33;zero
162135;100030;4;311;zero
102111;106830;4;43;zero
102111;102110;4;43;zero
165790;142734;4;105;zero
V166724;V166723;4;87;zero
159545;159552;4;128;zero
110795;110797;4;42;zero
111316;113738;4;223;zero
111316;100030;4;223;zero
158213;141856;4;149;zero
158213;141855;4;149;zero
116987;148248;4;152;zero
129457;124016;4;124;one
114351;114358;4;141;zero
102110;102111;4;45;zero
115253;117681;4;152;zero
162099;162085;4;95;zero
V125802;117681;4;160;zero
V125802;V125796;4;160;zero
V167002;V167003;4;91;one
142808;142806;4;58;zero
142808;142807;4;58;zero
164895;162890;4;66;zero
166274;166277;4;20;one
166277;147872;4;56;zero
166277;127128;4;56;zero
166277;166274;4;56;one
166277;123682;4;56;zero
166277;101791;4;56;zero
166277;159254;4;56;zero
166277;150062;4;56;zero
106827;106830;4;46;zero
104816;121048;4;125;zero
104816;123836;4;125;zero
150498;112011;4;284;zero
150498;112169;4;284;zero
150498;114421;4;284;zero
162824;121480;4;172;zero
123836;104816;4;92;zero
104694;V145028;4;129;zero
V160496;115731;4;239;zero
148697;113161;4;144;zero
121244;129053;4;114;zero
121244;121235;4;114;zero
121244;121237;4;114;zero
121244;106886;4;114;zero
142809;142807;4;33;zero
143196;129053;4;118;zero
150062;123682;4;32;zero
150062;166277;4;32;zero
150062;101791;4;32;zero
150062;147872;4;32;zero
150062;127128;4;32;zero
150062;159254;4;32;zero
V151217;V151216;4;90;zero
112426;154290;4;175;zero
112426;117681;4;175;zero
158964;146252;4;72;zero
105229;105223;4;40;zero
112921;103731;4;258;zero
112921;162884;4;258;zero
112921;108865;4;258;zero
112921;117681;4;258;zero
159552;159545;4;176;zero
V166723;V166724;4;116;zero
V125796;V125802;4;54;zero
124016;129457;4;177;one
124016;159254;4;177;one
V161476;V145928;4;209;zero
101780;101782;4;116;zero
165745;150770;4;370;zero
165745;117589;4;370;zero
149387;149385;4;37;zero
132042;146252;4;77;zero
132042;130646;4;77;zero
V145420;118287;4;214;zero
V145420;158440;4;214;zero
162085;162099;4;51;zero
110052;167273;4;212;zero
102107;102134;4;53;zero
165323;141856;4;60;zero
165323;141855;4;60;zero
114358;114351;4;66;zero
159904;114421;4;90;zero
150172;150155;4;45;zero
150172;150173;4;45;zero
101336;163481;4;50;zero
163481;101336;4;50;zero
V151216;V151217;4;116;zero
105872;130377;4;117;zero
105872;129053;4;117;zero
105872;129054;4;117;zero
114156;113161;4;234;zero
101782;101780;4;108;zero
158725;100030;4;109;zero
158725;112062;4;109;zero
